--PC05를 사용자 이름에 맞게 바꿔서 사용

--------------------------------------------------------
--  파일이 생성됨 - 수요일-11월-27-2019   
--------------------------------------------------------
--------------------------------------------------------
--  DDL for Table BONUS
--------------------------------------------------------

  CREATE TABLE "PC05"."BONUS" 
   (	"ENAME" VARCHAR2(10 BYTE), 
	"JOB" VARCHAR2(9 BYTE), 
	"SAL" NUMBER, 
	"COMM" NUMBER
   ) SEGMENT CREATION IMMEDIATE 
  PCTFREE 10 PCTUSED 40 INITRANS 1 MAXTRANS 255 NOCOMPRESS LOGGING
  STORAGE(INITIAL 65536 NEXT 1048576 MINEXTENTS 1 MAXEXTENTS 2147483645
  PCTINCREASE 0 FREELISTS 1 FREELIST GROUPS 1 BUFFER_POOL DEFAULT FLASH_CACHE DEFAULT CELL_FLASH_CACHE DEFAULT)
  TABLESPACE "TS_DBSQL" ;
--------------------------------------------------------
--  DDL for Table BUYER
--------------------------------------------------------

  CREATE TABLE "PC05"."BUYER" 
   (	"BUYER_ID" CHAR(6 BYTE), 
	"BUYER_NAME" VARCHAR2(40 BYTE), 
	"BUYER_LGU" CHAR(4 BYTE), 
	"BUYER_BANK" VARCHAR2(40 BYTE), 
	"BUYER_BANKNO" VARCHAR2(40 BYTE), 
	"BUYER_BANKNAME" VARCHAR2(15 BYTE), 
	"BUYER_ZIP" CHAR(7 BYTE), 
	"BUYER_ADD1" VARCHAR2(100 BYTE), 
	"BUYER_ADD2" VARCHAR2(80 BYTE), 
	"BUYER_COMTEL" VARCHAR2(14 BYTE), 
	"BUYER_FAX" VARCHAR2(20 BYTE), 
	"BUYER_MAIL" VARCHAR2(40 BYTE), 
	"BUYER_CHARGER" VARCHAR2(10 BYTE), 
	"BUYER_TELEXT" VARCHAR2(2 BYTE)
   ) SEGMENT CREATION IMMEDIATE 
  PCTFREE 10 PCTUSED 40 INITRANS 1 MAXTRANS 255 NOCOMPRESS LOGGING
  STORAGE(INITIAL 65536 NEXT 1048576 MINEXTENTS 1 MAXEXTENTS 2147483645
  PCTINCREASE 0 FREELISTS 1 FREELIST GROUPS 1 BUFFER_POOL DEFAULT FLASH_CACHE DEFAULT CELL_FLASH_CACHE DEFAULT)
  TABLESPACE "TS_DBSQL" ;
--------------------------------------------------------
--  DDL for Table BUYPROD
--------------------------------------------------------

  CREATE TABLE "PC05"."BUYPROD" 
   (	"BUY_DATE" DATE, 
	"BUY_PROD" VARCHAR2(10 BYTE), 
	"BUY_QTY" NUMBER(10,0), 
	"BUY_COST" NUMBER(10,0)
   ) SEGMENT CREATION IMMEDIATE 
  PCTFREE 10 PCTUSED 40 INITRANS 1 MAXTRANS 255 NOCOMPRESS LOGGING
  STORAGE(INITIAL 65536 NEXT 1048576 MINEXTENTS 1 MAXEXTENTS 2147483645
  PCTINCREASE 0 FREELISTS 1 FREELIST GROUPS 1 BUFFER_POOL DEFAULT FLASH_CACHE DEFAULT CELL_FLASH_CACHE DEFAULT)
  TABLESPACE "TS_DBSQL" ;
--------------------------------------------------------
--  DDL for Table CART
--------------------------------------------------------

  CREATE TABLE "PC05"."CART" 
   (	"CART_MEMBER" VARCHAR2(15 BYTE), 
	"CART_NO" CHAR(13 BYTE), 
	"CART_PROD" VARCHAR2(10 BYTE), 
	"CART_QTY" NUMBER(8,0)
   ) SEGMENT CREATION IMMEDIATE 
  PCTFREE 10 PCTUSED 40 INITRANS 1 MAXTRANS 255 NOCOMPRESS LOGGING
  STORAGE(INITIAL 65536 NEXT 1048576 MINEXTENTS 1 MAXEXTENTS 2147483645
  PCTINCREASE 0 FREELISTS 1 FREELIST GROUPS 1 BUFFER_POOL DEFAULT FLASH_CACHE DEFAULT CELL_FLASH_CACHE DEFAULT)
  TABLESPACE "TS_DBSQL" ;

   COMMENT ON COLUMN "PC05"."CART"."CART_MEMBER" IS '회원ID';
   COMMENT ON COLUMN "PC05"."CART"."CART_NO" IS '주문번호';
   COMMENT ON COLUMN "PC05"."CART"."CART_PROD" IS '상품코드';
   COMMENT ON COLUMN "PC05"."CART"."CART_QTY" IS '수량';
   COMMENT ON TABLE "PC05"."CART"  IS '장바구니 정보 테이블';
--------------------------------------------------------
--  DDL for Table DEPT
--------------------------------------------------------

  CREATE TABLE "PC05"."DEPT" 
   (	"DEPTNO" NUMBER(2,0), 
	"DNAME" VARCHAR2(14 BYTE), 
	"LOC" VARCHAR2(13 BYTE)
   ) SEGMENT CREATION IMMEDIATE 
  PCTFREE 10 PCTUSED 40 INITRANS 1 MAXTRANS 255 NOCOMPRESS LOGGING
  STORAGE(INITIAL 65536 NEXT 1048576 MINEXTENTS 1 MAXEXTENTS 2147483645
  PCTINCREASE 0 FREELISTS 1 FREELIST GROUPS 1 BUFFER_POOL DEFAULT FLASH_CACHE DEFAULT CELL_FLASH_CACHE DEFAULT)
  TABLESPACE "TS_DBSQL" ;
--------------------------------------------------------
--  DDL for Table EMP
--------------------------------------------------------

  CREATE TABLE "PC05"."EMP" 
   (	"EMPNO" NUMBER(4,0), 
	"ENAME" VARCHAR2(10 BYTE), 
	"JOB" VARCHAR2(9 BYTE), 
	"MGR" NUMBER(4,0), 
	"HIREDATE" DATE, 
	"SAL" NUMBER(7,2), 
	"COMM" NUMBER(7,2), 
	"DEPTNO" NUMBER(2,0)
   ) SEGMENT CREATION IMMEDIATE 
  PCTFREE 10 PCTUSED 40 INITRANS 1 MAXTRANS 255 NOCOMPRESS LOGGING
  STORAGE(INITIAL 65536 NEXT 1048576 MINEXTENTS 1 MAXEXTENTS 2147483645
  PCTINCREASE 0 FREELISTS 1 FREELIST GROUPS 1 BUFFER_POOL DEFAULT FLASH_CACHE DEFAULT CELL_FLASH_CACHE DEFAULT)
  TABLESPACE "TS_DBSQL" ;
--------------------------------------------------------
--  DDL for Table LPROD
--------------------------------------------------------

  CREATE TABLE "PC05"."LPROD" 
   (	"LPROD_ID" NUMBER(7,0), 
	"LPROD_GU" CHAR(4 BYTE), 
	"LPROD_NM" VARCHAR2(40 BYTE)
   ) SEGMENT CREATION IMMEDIATE 
  PCTFREE 10 PCTUSED 40 INITRANS 1 MAXTRANS 255 NOCOMPRESS LOGGING
  STORAGE(INITIAL 65536 NEXT 1048576 MINEXTENTS 1 MAXEXTENTS 2147483645
  PCTINCREASE 0 FREELISTS 1 FREELIST GROUPS 1 BUFFER_POOL DEFAULT FLASH_CACHE DEFAULT CELL_FLASH_CACHE DEFAULT)
  TABLESPACE "TS_DBSQL" ;
--------------------------------------------------------
--  DDL for Table MEMBER
--------------------------------------------------------

  CREATE TABLE "PC05"."MEMBER" 
   (	"MEM_ID" VARCHAR2(15 BYTE), 
	"MEM_PASS" VARCHAR2(15 BYTE), 
	"MEM_NAME" VARCHAR2(20 BYTE), 
	"MEM_REGNO1" CHAR(6 BYTE), 
	"MEM_REGNO2" CHAR(7 BYTE), 
	"MEM_BIR" DATE, 
	"MEM_ZIP" CHAR(7 BYTE), 
	"MEM_ADD1" VARCHAR2(100 BYTE), 
	"MEM_ADD2" VARCHAR2(80 BYTE), 
	"MEM_HOMETEL" VARCHAR2(14 BYTE), 
	"MEM_COMTEL" VARCHAR2(14 BYTE), 
	"MEM_HP" VARCHAR2(15 BYTE), 
	"MEM_MAIL" VARCHAR2(40 BYTE), 
	"MEM_JOB" VARCHAR2(40 BYTE), 
	"MEM_LIKE" VARCHAR2(40 BYTE), 
	"MEM_MEMORIAL" VARCHAR2(40 BYTE), 
	"MEM_MEMORIALDAY" DATE, 
	"MEM_MILEAGE" NUMBER(10,0), 
	"MEM_DELETE" VARCHAR2(1 BYTE)
   ) SEGMENT CREATION IMMEDIATE 
  PCTFREE 10 PCTUSED 40 INITRANS 1 MAXTRANS 255 NOCOMPRESS LOGGING
  STORAGE(INITIAL 65536 NEXT 1048576 MINEXTENTS 1 MAXEXTENTS 2147483645
  PCTINCREASE 0 FREELISTS 1 FREELIST GROUPS 1 BUFFER_POOL DEFAULT FLASH_CACHE DEFAULT CELL_FLASH_CACHE DEFAULT)
  TABLESPACE "TS_DBSQL" ;
--------------------------------------------------------
--  DDL for Table NO_EXISTS_TABLE
--------------------------------------------------------

  CREATE TABLE "PC05"."NO_EXISTS_TABLE" 
   (	"ID" NUMBER
   ) SEGMENT CREATION IMMEDIATE 
  PCTFREE 10 PCTUSED 40 INITRANS 1 MAXTRANS 255 NOCOMPRESS LOGGING
  STORAGE(INITIAL 65536 NEXT 1048576 MINEXTENTS 1 MAXEXTENTS 2147483645
  PCTINCREASE 0 FREELISTS 1 FREELIST GROUPS 1 BUFFER_POOL DEFAULT FLASH_CACHE DEFAULT CELL_FLASH_CACHE DEFAULT)
  TABLESPACE "TS_DBSQL" ;
--------------------------------------------------------
--  DDL for Table PROD
--------------------------------------------------------

  CREATE TABLE "PC05"."PROD" 
   (	"PROD_ID" VARCHAR2(10 BYTE), 
	"PROD_NAME" VARCHAR2(40 BYTE), 
	"PROD_LGU" CHAR(4 BYTE), 
	"PROD_BUYER" CHAR(6 BYTE), 
	"PROD_COST" NUMBER(10,0), 
	"PROD_PRICE" NUMBER(10,0), 
	"PROD_SALE" NUMBER(10,0), 
	"PROD_OUTLINE" VARCHAR2(100 BYTE), 
	"PROD_DETAIL" CLOB, 
	"PROD_IMG" VARCHAR2(40 BYTE), 
	"PROD_TOTALSTOCK" NUMBER(10,0), 
	"PROD_INSDATE" DATE, 
	"PROD_PROPERSTOCK" NUMBER(10,0), 
	"PROD_SIZE" VARCHAR2(20 BYTE), 
	"PROD_COLOR" VARCHAR2(20 BYTE), 
	"PROD_DELIVERY" VARCHAR2(255 BYTE), 
	"PROD_UNIT" VARCHAR2(6 BYTE), 
	"PROD_QTYIN" NUMBER(10,0), 
	"PROD_QTYSALE" NUMBER(10,0), 
	"PROD_MILEAGE" NUMBER(10,0)
   ) SEGMENT CREATION IMMEDIATE 
  PCTFREE 10 PCTUSED 40 INITRANS 1 MAXTRANS 255 NOCOMPRESS LOGGING
  STORAGE(INITIAL 65536 NEXT 1048576 MINEXTENTS 1 MAXEXTENTS 2147483645
  PCTINCREASE 0 FREELISTS 1 FREELIST GROUPS 1 BUFFER_POOL DEFAULT FLASH_CACHE DEFAULT CELL_FLASH_CACHE DEFAULT)
  TABLESPACE "TS_DBSQL" 
 LOB ("PROD_DETAIL") STORE AS BASICFILE (
  TABLESPACE "TS_DBSQL" ENABLE STORAGE IN ROW CHUNK 8192 RETENTION 
  NOCACHE LOGGING 
  STORAGE(INITIAL 65536 NEXT 1048576 MINEXTENTS 1 MAXEXTENTS 2147483645
  PCTINCREASE 0 FREELISTS 1 FREELIST GROUPS 1 BUFFER_POOL DEFAULT FLASH_CACHE DEFAULT CELL_FLASH_CACHE DEFAULT)) ;
--------------------------------------------------------
--  DDL for Table SALGRADE
--------------------------------------------------------

  CREATE TABLE "PC05"."SALGRADE" 
   (	"GRADE" NUMBER, 
	"LOSAL" NUMBER, 
	"HISAL" NUMBER
   ) SEGMENT CREATION IMMEDIATE 
  PCTFREE 10 PCTUSED 40 INITRANS 1 MAXTRANS 255 NOCOMPRESS LOGGING
  STORAGE(INITIAL 65536 NEXT 1048576 MINEXTENTS 1 MAXEXTENTS 2147483645
  PCTINCREASE 0 FREELISTS 1 FREELIST GROUPS 1 BUFFER_POOL DEFAULT FLASH_CACHE DEFAULT CELL_FLASH_CACHE DEFAULT)
  TABLESPACE "TS_DBSQL" ;
--------------------------------------------------------
--  DDL for Table USERS
--------------------------------------------------------

  CREATE TABLE "PC05"."USERS" 
   (	"USERID" VARCHAR2(20 BYTE), 
	"USERNM" VARCHAR2(20 BYTE), 
	"PASS" VARCHAR2(100 BYTE), 
	"REG_DT" DATE, 
	"ALIAS" VARCHAR2(50 BYTE), 
	"ADDR1" VARCHAR2(50 BYTE), 
	"ADDR2" VARCHAR2(50 BYTE), 
	"ZIPCODE" VARCHAR2(5 BYTE), 
	"FILENAME" VARCHAR2(50 BYTE), 
	"REALFILENAME" VARCHAR2(200 BYTE)
   ) SEGMENT CREATION IMMEDIATE 
  PCTFREE 10 PCTUSED 40 INITRANS 1 MAXTRANS 255 NOCOMPRESS LOGGING
  STORAGE(INITIAL 65536 NEXT 1048576 MINEXTENTS 1 MAXEXTENTS 2147483645
  PCTINCREASE 0 FREELISTS 1 FREELIST GROUPS 1 BUFFER_POOL DEFAULT FLASH_CACHE DEFAULT CELL_FLASH_CACHE DEFAULT)
  TABLESPACE "TS_DBSQL" ;

   COMMENT ON COLUMN "PC05"."USERS"."USERID" IS '사용자 아이디';
   COMMENT ON COLUMN "PC05"."USERS"."USERNM" IS '사용자 이름';
   COMMENT ON COLUMN "PC05"."USERS"."PASS" IS '비밀번호';
   COMMENT ON COLUMN "PC05"."USERS"."REG_DT" IS '사용자 등록일';
   COMMENT ON COLUMN "PC05"."USERS"."ALIAS" IS '별명';
   COMMENT ON COLUMN "PC05"."USERS"."ADDR1" IS '주소';
   COMMENT ON COLUMN "PC05"."USERS"."ADDR2" IS '상세주소';
   COMMENT ON COLUMN "PC05"."USERS"."ZIPCODE" IS '우편번호';
   COMMENT ON COLUMN "PC05"."USERS"."FILENAME" IS '업로드파일명';
   COMMENT ON COLUMN "PC05"."USERS"."REALFILENAME" IS '실제파일경로';
   COMMENT ON TABLE "PC05"."USERS"  IS '사용자';
REM INSERTING into PC05.BONUS
SET DEFINE OFF;
REM INSERTING into PC05.BUYER
SET DEFINE OFF;
Insert into PC05.BUYER (BUYER_ID,BUYER_NAME,BUYER_LGU,BUYER_BANK,BUYER_BANKNO,BUYER_BANKNAME,BUYER_ZIP,BUYER_ADD1,BUYER_ADD2,BUYER_COMTEL,BUYER_FAX,BUYER_MAIL,BUYER_CHARGER,BUYER_TELEXT) values ('P10101','삼성컴퓨터','P101','주택은행','123-456-7890','이건상','135-972','서울 강남구 도곡2동현대비젼21','1125호','02-522-7890','02-522-7891','samcom@samsung.co.kr','송동구',null);
Insert into PC05.BUYER (BUYER_ID,BUYER_NAME,BUYER_LGU,BUYER_BANK,BUYER_BANKNO,BUYER_BANKNAME,BUYER_ZIP,BUYER_ADD1,BUYER_ADD2,BUYER_COMTEL,BUYER_FAX,BUYER_MAIL,BUYER_CHARGER,BUYER_TELEXT) values ('P10102','삼보컴퓨터','P101','제일은행','732-702-195670','김현우','142-726','서울 강북구 미아6동 행전빌딩','2712호','02-632-5690','02-632-5699','sambo@sambo.co.kr','김서구',null);
Insert into PC05.BUYER (BUYER_ID,BUYER_NAME,BUYER_LGU,BUYER_BANK,BUYER_BANKNO,BUYER_BANKNAME,BUYER_ZIP,BUYER_ADD1,BUYER_ADD2,BUYER_COMTEL,BUYER_FAX,BUYER_MAIL,BUYER_CHARGER,BUYER_TELEXT) values ('P10103','현주컴퓨터','P101','국민은행','112-650-397811','심현주','404-260','인천 서구 마전동','157-899번지','032-233-7832','032-233-7833','hyunju@hyunju.com','강남구',null);
Insert into PC05.BUYER (BUYER_ID,BUYER_NAME,BUYER_LGU,BUYER_BANK,BUYER_BANKNO,BUYER_BANKNAME,BUYER_ZIP,BUYER_ADD1,BUYER_ADD2,BUYER_COMTEL,BUYER_FAX,BUYER_MAIL,BUYER_CHARGER,BUYER_TELEXT) values ('P10201','대우전자','P102','농협','222-333-567890','강대우','702-864','대구 북구 태전동','232번지','053-780-2356','053-780-2357','daewoo@daewoo.co.kr','성대우',null);
Insert into PC05.BUYER (BUYER_ID,BUYER_NAME,BUYER_LGU,BUYER_BANK,BUYER_BANKNO,BUYER_BANKNAME,BUYER_ZIP,BUYER_ADD1,BUYER_ADD2,BUYER_COMTEL,BUYER_FAX,BUYER_MAIL,BUYER_CHARGER,BUYER_TELEXT) values ('P10202','삼성전자','P102','외환은행','989-323-567898','박삼성','614-728','부산 부산진구 부전1동 동아빌딩','1708호','051-567-5312','051-567-5313','samsung@samsung.com','김인우',null);
Insert into PC05.BUYER (BUYER_ID,BUYER_NAME,BUYER_LGU,BUYER_BANK,BUYER_BANKNO,BUYER_BANKNAME,BUYER_ZIP,BUYER_ADD1,BUYER_ADD2,BUYER_COMTEL,BUYER_FAX,BUYER_MAIL,BUYER_CHARGER,BUYER_TELEXT) values ('P20101','대현','P201','국민은행','688-323-567898','신대현','306-785','대전 대덕구 오정동 운암빌딩','508호','042-332-5123','042-332-5125','daehyun@daehyun.com','진대영',null);
Insert into PC05.BUYER (BUYER_ID,BUYER_NAME,BUYER_LGU,BUYER_BANK,BUYER_BANKNO,BUYER_BANKNAME,BUYER_ZIP,BUYER_ADD1,BUYER_ADD2,BUYER_COMTEL,BUYER_FAX,BUYER_MAIL,BUYER_CHARGER,BUYER_TELEXT) values ('P20102','마르죠','P201','주택은행','123-777-7890','이마루','135-972','서울 강남구 도곡2동 현대비젼21','1211호','02-533-7890','02-533-5699','mar@marjo.co.kr','조현상',null);
Insert into PC05.BUYER (BUYER_ID,BUYER_NAME,BUYER_LGU,BUYER_BANK,BUYER_BANKNO,BUYER_BANKNAME,BUYER_ZIP,BUYER_ADD1,BUYER_ADD2,BUYER_COMTEL,BUYER_FAX,BUYER_MAIL,BUYER_CHARGER,BUYER_TELEXT) values ('P20201','LG패션','P202','제일은행','732-702-556677','김애지','142-726','서울 강북구 미아6동 행전빌딩','5011호','02-332-5690','02-332-5699','lgfashion.co.kr','남지수',null);
Insert into PC05.BUYER (BUYER_ID,BUYER_NAME,BUYER_LGU,BUYER_BANK,BUYER_BANKNO,BUYER_BANKNAME,BUYER_ZIP,BUYER_ADD1,BUYER_ADD2,BUYER_COMTEL,BUYER_FAX,BUYER_MAIL,BUYER_CHARGER,BUYER_TELEXT) values ('P20202','캠브리지','P202','국민은행','112-888-397811','안불이주','404-260','인천 서구 마전동','535-899번지','032-255-7832','032-255-7833','cambrige@cambrige.com','신일수',null);
Insert into PC05.BUYER (BUYER_ID,BUYER_NAME,BUYER_LGU,BUYER_BANK,BUYER_BANKNO,BUYER_BANKNAME,BUYER_ZIP,BUYER_ADD1,BUYER_ADD2,BUYER_COMTEL,BUYER_FAX,BUYER_MAIL,BUYER_CHARGER,BUYER_TELEXT) values ('P30101','가파치','P301','농협','211-333-511890','김선아','702-864','대구 북구 태전동','555-66호','053-535-2356','053-535-2357','gapachi@gapachi.co.kr','이수나',null);
Insert into PC05.BUYER (BUYER_ID,BUYER_NAME,BUYER_LGU,BUYER_BANK,BUYER_BANKNO,BUYER_BANKNAME,BUYER_ZIP,BUYER_ADD1,BUYER_ADD2,BUYER_COMTEL,BUYER_FAX,BUYER_MAIL,BUYER_CHARGER,BUYER_TELEXT) values ('P30201','한국화장품','P302','외환은행','333-355-568898','박한국','614-728','부산 부산진구 부전1동 동아빌딩','309호','051-212-5312','051-212-5313','hangook@hangook.com','김사우',null);
Insert into PC05.BUYER (BUYER_ID,BUYER_NAME,BUYER_LGU,BUYER_BANK,BUYER_BANKNO,BUYER_BANKNAME,BUYER_ZIP,BUYER_ADD1,BUYER_ADD2,BUYER_COMTEL,BUYER_FAX,BUYER_MAIL,BUYER_CHARGER,BUYER_TELEXT) values ('P30202','피리어스','P302','국민은행','677-888-569998','신상우','306-785','대전대덕구 오정동 운암빌딩','612호','042-222-5123','042-222-5125','pieoris@pieoris.com','이진영',null);
Insert into PC05.BUYER (BUYER_ID,BUYER_NAME,BUYER_LGU,BUYER_BANK,BUYER_BANKNO,BUYER_BANKNAME,BUYER_ZIP,BUYER_ADD1,BUYER_ADD2,BUYER_COMTEL,BUYER_FAX,BUYER_MAIL,BUYER_CHARGER,BUYER_TELEXT) values ('P30203','참존','P302','주택은행','555-777-567778','오참존','306-785','대전대덕구 오정동 운암빌딩','1007호','042-622-5123','042-622-5125','chamjon@chamjon.com','성애란',null);
REM INSERTING into PC05.BUYPROD
SET DEFINE OFF;
Insert into PC05.BUYPROD (BUY_DATE,BUY_PROD,BUY_QTY,BUY_COST) values (to_date('05/01/08','YY/MM/DD'),'P202000001',18,10000);
Insert into PC05.BUYPROD (BUY_DATE,BUY_PROD,BUY_QTY,BUY_COST) values (to_date('05/01/08','YY/MM/DD'),'P202000002',19,13000);
Insert into PC05.BUYPROD (BUY_DATE,BUY_PROD,BUY_QTY,BUY_COST) values (to_date('05/01/08','YY/MM/DD'),'P202000003',11,15000);
Insert into PC05.BUYPROD (BUY_DATE,BUY_PROD,BUY_QTY,BUY_COST) values (to_date('05/01/12','YY/MM/DD'),'P201000001',21,21000);
Insert into PC05.BUYPROD (BUY_DATE,BUY_PROD,BUY_QTY,BUY_COST) values (to_date('05/01/12','YY/MM/DD'),'P201000002',13,22000);
Insert into PC05.BUYPROD (BUY_DATE,BUY_PROD,BUY_QTY,BUY_COST) values (to_date('05/01/12','YY/MM/DD'),'P201000003',15,23000);
Insert into PC05.BUYPROD (BUY_DATE,BUY_PROD,BUY_QTY,BUY_COST) values (to_date('05/01/13','YY/MM/DD'),'P101000001',22,210000);
Insert into PC05.BUYPROD (BUY_DATE,BUY_PROD,BUY_QTY,BUY_COST) values (to_date('05/01/13','YY/MM/DD'),'P101000002',23,310000);
Insert into PC05.BUYPROD (BUY_DATE,BUY_PROD,BUY_QTY,BUY_COST) values (to_date('05/01/13','YY/MM/DD'),'P101000003',21,410000);
Insert into PC05.BUYPROD (BUY_DATE,BUY_PROD,BUY_QTY,BUY_COST) values (to_date('05/01/14','YY/MM/DD'),'P201000004',15,12000);
Insert into PC05.BUYPROD (BUY_DATE,BUY_PROD,BUY_QTY,BUY_COST) values (to_date('05/01/14','YY/MM/DD'),'P201000005',32,13000);
Insert into PC05.BUYPROD (BUY_DATE,BUY_PROD,BUY_QTY,BUY_COST) values (to_date('05/01/14','YY/MM/DD'),'P201000006',11,14000);
Insert into PC05.BUYPROD (BUY_DATE,BUY_PROD,BUY_QTY,BUY_COST) values (to_date('05/01/16','YY/MM/DD'),'P202000007',22,25000);
Insert into PC05.BUYPROD (BUY_DATE,BUY_PROD,BUY_QTY,BUY_COST) values (to_date('05/01/16','YY/MM/DD'),'P202000008',33,27000);
Insert into PC05.BUYPROD (BUY_DATE,BUY_PROD,BUY_QTY,BUY_COST) values (to_date('05/01/16','YY/MM/DD'),'P202000009',14,28500);
Insert into PC05.BUYPROD (BUY_DATE,BUY_PROD,BUY_QTY,BUY_COST) values (to_date('05/01/16','YY/MM/DD'),'P302000011',125,59000);
Insert into PC05.BUYPROD (BUY_DATE,BUY_PROD,BUY_QTY,BUY_COST) values (to_date('05/01/16','YY/MM/DD'),'P302000012',16,89000);
Insert into PC05.BUYPROD (BUY_DATE,BUY_PROD,BUY_QTY,BUY_COST) values (to_date('05/01/16','YY/MM/DD'),'P302000013',13,17000);
Insert into PC05.BUYPROD (BUY_DATE,BUY_PROD,BUY_QTY,BUY_COST) values (to_date('05/01/17','YY/MM/DD'),'P302000014',21,25000);
Insert into PC05.BUYPROD (BUY_DATE,BUY_PROD,BUY_QTY,BUY_COST) values (to_date('05/01/17','YY/MM/DD'),'P302000015',33,22000);
Insert into PC05.BUYPROD (BUY_DATE,BUY_PROD,BUY_QTY,BUY_COST) values (to_date('05/01/17','YY/MM/DD'),'P302000016',17,120000);
Insert into PC05.BUYPROD (BUY_DATE,BUY_PROD,BUY_QTY,BUY_COST) values (to_date('05/01/18','YY/MM/DD'),'P301000001',15,21000);
Insert into PC05.BUYPROD (BUY_DATE,BUY_PROD,BUY_QTY,BUY_COST) values (to_date('05/01/18','YY/MM/DD'),'P301000002',19,17000);
Insert into PC05.BUYPROD (BUY_DATE,BUY_PROD,BUY_QTY,BUY_COST) values (to_date('05/01/19','YY/MM/DD'),'P202000010',21,55000);
Insert into PC05.BUYPROD (BUY_DATE,BUY_PROD,BUY_QTY,BUY_COST) values (to_date('05/01/19','YY/MM/DD'),'P202000011',91,55000);
Insert into PC05.BUYPROD (BUY_DATE,BUY_PROD,BUY_QTY,BUY_COST) values (to_date('05/01/19','YY/MM/DD'),'P202000012',15,55000);
Insert into PC05.BUYPROD (BUY_DATE,BUY_PROD,BUY_QTY,BUY_COST) values (to_date('05/01/25','YY/MM/DD'),'P102000003',11,590000);
Insert into PC05.BUYPROD (BUY_DATE,BUY_PROD,BUY_QTY,BUY_COST) values (to_date('05/01/25','YY/MM/DD'),'P102000004',13,990000);
Insert into PC05.BUYPROD (BUY_DATE,BUY_PROD,BUY_QTY,BUY_COST) values (to_date('05/01/25','YY/MM/DD'),'P102000005',22,1990000);
Insert into PC05.BUYPROD (BUY_DATE,BUY_PROD,BUY_QTY,BUY_COST) values (to_date('05/01/26','YY/MM/DD'),'P102000007',52,550000);
Insert into PC05.BUYPROD (BUY_DATE,BUY_PROD,BUY_QTY,BUY_COST) values (to_date('05/01/27','YY/MM/DD'),'P302000001',253,89000);
Insert into PC05.BUYPROD (BUY_DATE,BUY_PROD,BUY_QTY,BUY_COST) values (to_date('05/01/27','YY/MM/DD'),'P302000002',31,99000);
Insert into PC05.BUYPROD (BUY_DATE,BUY_PROD,BUY_QTY,BUY_COST) values (to_date('05/01/27','YY/MM/DD'),'P302000003',197,19000);
Insert into PC05.BUYPROD (BUY_DATE,BUY_PROD,BUY_QTY,BUY_COST) values (to_date('05/01/28','YY/MM/DD'),'P201000007',19,31000);
Insert into PC05.BUYPROD (BUY_DATE,BUY_PROD,BUY_QTY,BUY_COST) values (to_date('05/01/28','YY/MM/DD'),'P201000008',22,32000);
Insert into PC05.BUYPROD (BUY_DATE,BUY_PROD,BUY_QTY,BUY_COST) values (to_date('05/01/28','YY/MM/DD'),'P201000009',26,33000);
Insert into PC05.BUYPROD (BUY_DATE,BUY_PROD,BUY_QTY,BUY_COST) values (to_date('05/01/31','YY/MM/DD'),'P302000021',23,23500);
Insert into PC05.BUYPROD (BUY_DATE,BUY_PROD,BUY_QTY,BUY_COST) values (to_date('05/01/31','YY/MM/DD'),'P302000022',17,78500);
Insert into PC05.BUYPROD (BUY_DATE,BUY_PROD,BUY_QTY,BUY_COST) values (to_date('05/01/31','YY/MM/DD'),'P302000023',15,21500);
Insert into PC05.BUYPROD (BUY_DATE,BUY_PROD,BUY_QTY,BUY_COST) values (to_date('05/02/03','YY/MM/DD'),'P201000010',23,55000);
Insert into PC05.BUYPROD (BUY_DATE,BUY_PROD,BUY_QTY,BUY_COST) values (to_date('05/02/03','YY/MM/DD'),'P201000011',21,56000);
Insert into PC05.BUYPROD (BUY_DATE,BUY_PROD,BUY_QTY,BUY_COST) values (to_date('05/02/03','YY/MM/DD'),'P201000012',55,57000);
Insert into PC05.BUYPROD (BUY_DATE,BUY_PROD,BUY_QTY,BUY_COST) values (to_date('05/02/08','YY/MM/DD'),'P202000004',12,18000);
Insert into PC05.BUYPROD (BUY_DATE,BUY_PROD,BUY_QTY,BUY_COST) values (to_date('05/02/08','YY/MM/DD'),'P202000005',19,23000);
Insert into PC05.BUYPROD (BUY_DATE,BUY_PROD,BUY_QTY,BUY_COST) values (to_date('05/02/08','YY/MM/DD'),'P202000006',28,28000);
Insert into PC05.BUYPROD (BUY_DATE,BUY_PROD,BUY_QTY,BUY_COST) values (to_date('05/02/09','YY/MM/DD'),'P202000016',22,99000);
Insert into PC05.BUYPROD (BUY_DATE,BUY_PROD,BUY_QTY,BUY_COST) values (to_date('05/02/09','YY/MM/DD'),'P202000017',41,109000);
Insert into PC05.BUYPROD (BUY_DATE,BUY_PROD,BUY_QTY,BUY_COST) values (to_date('05/02/09','YY/MM/DD'),'P202000018',21,159000);
Insert into PC05.BUYPROD (BUY_DATE,BUY_PROD,BUY_QTY,BUY_COST) values (to_date('05/02/11','YY/MM/DD'),'P101000004',11,1150000);
Insert into PC05.BUYPROD (BUY_DATE,BUY_PROD,BUY_QTY,BUY_COST) values (to_date('05/02/11','YY/MM/DD'),'P101000005',10,2150000);
Insert into PC05.BUYPROD (BUY_DATE,BUY_PROD,BUY_QTY,BUY_COST) values (to_date('05/02/11','YY/MM/DD'),'P101000006',9,3150000);
Insert into PC05.BUYPROD (BUY_DATE,BUY_PROD,BUY_QTY,BUY_COST) values (to_date('05/02/15','YY/MM/DD'),'P302000004',33,21000);
Insert into PC05.BUYPROD (BUY_DATE,BUY_PROD,BUY_QTY,BUY_COST) values (to_date('05/02/15','YY/MM/DD'),'P302000005',191,18000);
Insert into PC05.BUYPROD (BUY_DATE,BUY_PROD,BUY_QTY,BUY_COST) values (to_date('05/02/15','YY/MM/DD'),'P302000006',39,20000);
Insert into PC05.BUYPROD (BUY_DATE,BUY_PROD,BUY_QTY,BUY_COST) values (to_date('05/02/18','YY/MM/DD'),'P301000003',46,22000);
Insert into PC05.BUYPROD (BUY_DATE,BUY_PROD,BUY_QTY,BUY_COST) values (to_date('05/02/18','YY/MM/DD'),'P301000004',41,27000);
Insert into PC05.BUYPROD (BUY_DATE,BUY_PROD,BUY_QTY,BUY_COST) values (to_date('05/02/20','YY/MM/DD'),'P202000013',16,110000);
Insert into PC05.BUYPROD (BUY_DATE,BUY_PROD,BUY_QTY,BUY_COST) values (to_date('05/02/20','YY/MM/DD'),'P202000014',18,120000);
Insert into PC05.BUYPROD (BUY_DATE,BUY_PROD,BUY_QTY,BUY_COST) values (to_date('05/02/20','YY/MM/DD'),'P202000015',13,130000);
Insert into PC05.BUYPROD (BUY_DATE,BUY_PROD,BUY_QTY,BUY_COST) values (to_date('05/02/21','YY/MM/DD'),'P201000013',16,110000);
Insert into PC05.BUYPROD (BUY_DATE,BUY_PROD,BUY_QTY,BUY_COST) values (to_date('05/02/21','YY/MM/DD'),'P201000014',28,120000);
Insert into PC05.BUYPROD (BUY_DATE,BUY_PROD,BUY_QTY,BUY_COST) values (to_date('05/02/21','YY/MM/DD'),'P201000015',25,130000);
Insert into PC05.BUYPROD (BUY_DATE,BUY_PROD,BUY_QTY,BUY_COST) values (to_date('05/02/23','YY/MM/DD'),'P202000019',22,210000);
Insert into PC05.BUYPROD (BUY_DATE,BUY_PROD,BUY_QTY,BUY_COST) values (to_date('05/02/23','YY/MM/DD'),'P202000020',19,220000);
Insert into PC05.BUYPROD (BUY_DATE,BUY_PROD,BUY_QTY,BUY_COST) values (to_date('05/02/23','YY/MM/DD'),'P202000021',13,230000);
Insert into PC05.BUYPROD (BUY_DATE,BUY_PROD,BUY_QTY,BUY_COST) values (to_date('05/02/25','YY/MM/DD'),'P102000001',15,690000);
Insert into PC05.BUYPROD (BUY_DATE,BUY_PROD,BUY_QTY,BUY_COST) values (to_date('05/02/25','YY/MM/DD'),'P102000002',12,890000);
Insert into PC05.BUYPROD (BUY_DATE,BUY_PROD,BUY_QTY,BUY_COST) values (to_date('05/02/26','YY/MM/DD'),'P102000006',13,660000);
Insert into PC05.BUYPROD (BUY_DATE,BUY_PROD,BUY_QTY,BUY_COST) values (to_date('05/03/02','YY/MM/DD'),'P201000016',725,100000);
Insert into PC05.BUYPROD (BUY_DATE,BUY_PROD,BUY_QTY,BUY_COST) values (to_date('05/03/02','YY/MM/DD'),'P201000017',341,110000);
Insert into PC05.BUYPROD (BUY_DATE,BUY_PROD,BUY_QTY,BUY_COST) values (to_date('05/03/02','YY/MM/DD'),'P201000018',111,120000);
Insert into PC05.BUYPROD (BUY_DATE,BUY_PROD,BUY_QTY,BUY_COST) values (to_date('05/03/03','YY/MM/DD'),'P201000019',16,210000);
Insert into PC05.BUYPROD (BUY_DATE,BUY_PROD,BUY_QTY,BUY_COST) values (to_date('05/03/03','YY/MM/DD'),'P201000020',39,220000);
Insert into PC05.BUYPROD (BUY_DATE,BUY_PROD,BUY_QTY,BUY_COST) values (to_date('05/03/03','YY/MM/DD'),'P201000021',32,230000);
Insert into PC05.BUYPROD (BUY_DATE,BUY_PROD,BUY_QTY,BUY_COST) values (to_date('05/04/16','YY/MM/DD'),'P202000001',12,10000);
Insert into PC05.BUYPROD (BUY_DATE,BUY_PROD,BUY_QTY,BUY_COST) values (to_date('05/04/16','YY/MM/DD'),'P202000002',13,13000);
Insert into PC05.BUYPROD (BUY_DATE,BUY_PROD,BUY_QTY,BUY_COST) values (to_date('05/04/16','YY/MM/DD'),'P202000003',5,15000);
Insert into PC05.BUYPROD (BUY_DATE,BUY_PROD,BUY_QTY,BUY_COST) values (to_date('05/04/20','YY/MM/DD'),'P201000001',15,21000);
Insert into PC05.BUYPROD (BUY_DATE,BUY_PROD,BUY_QTY,BUY_COST) values (to_date('05/04/20','YY/MM/DD'),'P201000002',7,22000);
Insert into PC05.BUYPROD (BUY_DATE,BUY_PROD,BUY_QTY,BUY_COST) values (to_date('05/04/20','YY/MM/DD'),'P201000003',9,23000);
Insert into PC05.BUYPROD (BUY_DATE,BUY_PROD,BUY_QTY,BUY_COST) values (to_date('05/04/21','YY/MM/DD'),'P101000001',16,210000);
Insert into PC05.BUYPROD (BUY_DATE,BUY_PROD,BUY_QTY,BUY_COST) values (to_date('05/04/21','YY/MM/DD'),'P101000002',17,310000);
Insert into PC05.BUYPROD (BUY_DATE,BUY_PROD,BUY_QTY,BUY_COST) values (to_date('05/04/21','YY/MM/DD'),'P101000003',15,410000);
Insert into PC05.BUYPROD (BUY_DATE,BUY_PROD,BUY_QTY,BUY_COST) values (to_date('05/04/22','YY/MM/DD'),'P201000004',9,12000);
Insert into PC05.BUYPROD (BUY_DATE,BUY_PROD,BUY_QTY,BUY_COST) values (to_date('05/04/22','YY/MM/DD'),'P201000005',26,13000);
Insert into PC05.BUYPROD (BUY_DATE,BUY_PROD,BUY_QTY,BUY_COST) values (to_date('05/04/22','YY/MM/DD'),'P201000006',5,14000);
Insert into PC05.BUYPROD (BUY_DATE,BUY_PROD,BUY_QTY,BUY_COST) values (to_date('05/04/24','YY/MM/DD'),'P202000007',16,25000);
Insert into PC05.BUYPROD (BUY_DATE,BUY_PROD,BUY_QTY,BUY_COST) values (to_date('05/04/24','YY/MM/DD'),'P202000008',27,27000);
Insert into PC05.BUYPROD (BUY_DATE,BUY_PROD,BUY_QTY,BUY_COST) values (to_date('05/04/24','YY/MM/DD'),'P202000009',8,28500);
Insert into PC05.BUYPROD (BUY_DATE,BUY_PROD,BUY_QTY,BUY_COST) values (to_date('05/04/24','YY/MM/DD'),'P302000011',19,59000);
Insert into PC05.BUYPROD (BUY_DATE,BUY_PROD,BUY_QTY,BUY_COST) values (to_date('05/04/24','YY/MM/DD'),'P302000012',10,89000);
Insert into PC05.BUYPROD (BUY_DATE,BUY_PROD,BUY_QTY,BUY_COST) values (to_date('05/04/24','YY/MM/DD'),'P302000013',7,17000);
Insert into PC05.BUYPROD (BUY_DATE,BUY_PROD,BUY_QTY,BUY_COST) values (to_date('05/04/25','YY/MM/DD'),'P302000014',15,25000);
Insert into PC05.BUYPROD (BUY_DATE,BUY_PROD,BUY_QTY,BUY_COST) values (to_date('05/04/25','YY/MM/DD'),'P302000015',27,22000);
Insert into PC05.BUYPROD (BUY_DATE,BUY_PROD,BUY_QTY,BUY_COST) values (to_date('05/04/25','YY/MM/DD'),'P302000016',11,120000);
Insert into PC05.BUYPROD (BUY_DATE,BUY_PROD,BUY_QTY,BUY_COST) values (to_date('05/04/26','YY/MM/DD'),'P301000001',9,21000);
Insert into PC05.BUYPROD (BUY_DATE,BUY_PROD,BUY_QTY,BUY_COST) values (to_date('05/04/26','YY/MM/DD'),'P301000002',13,17000);
Insert into PC05.BUYPROD (BUY_DATE,BUY_PROD,BUY_QTY,BUY_COST) values (to_date('05/04/27','YY/MM/DD'),'P202000010',15,55000);
Insert into PC05.BUYPROD (BUY_DATE,BUY_PROD,BUY_QTY,BUY_COST) values (to_date('05/04/27','YY/MM/DD'),'P202000011',25,55000);
Insert into PC05.BUYPROD (BUY_DATE,BUY_PROD,BUY_QTY,BUY_COST) values (to_date('05/04/27','YY/MM/DD'),'P202000012',9,55000);
Insert into PC05.BUYPROD (BUY_DATE,BUY_PROD,BUY_QTY,BUY_COST) values (to_date('05/05/03','YY/MM/DD'),'P102000003',5,590000);
Insert into PC05.BUYPROD (BUY_DATE,BUY_PROD,BUY_QTY,BUY_COST) values (to_date('05/05/03','YY/MM/DD'),'P102000004',7,990000);
Insert into PC05.BUYPROD (BUY_DATE,BUY_PROD,BUY_QTY,BUY_COST) values (to_date('05/05/03','YY/MM/DD'),'P102000005',16,1990000);
Insert into PC05.BUYPROD (BUY_DATE,BUY_PROD,BUY_QTY,BUY_COST) values (to_date('05/05/04','YY/MM/DD'),'P102000007',46,550000);
Insert into PC05.BUYPROD (BUY_DATE,BUY_PROD,BUY_QTY,BUY_COST) values (to_date('05/05/05','YY/MM/DD'),'P302000001',17,89000);
Insert into PC05.BUYPROD (BUY_DATE,BUY_PROD,BUY_QTY,BUY_COST) values (to_date('05/05/05','YY/MM/DD'),'P302000002',25,99000);
Insert into PC05.BUYPROD (BUY_DATE,BUY_PROD,BUY_QTY,BUY_COST) values (to_date('05/05/05','YY/MM/DD'),'P302000003',11,19000);
Insert into PC05.BUYPROD (BUY_DATE,BUY_PROD,BUY_QTY,BUY_COST) values (to_date('05/05/06','YY/MM/DD'),'P201000007',13,31000);
Insert into PC05.BUYPROD (BUY_DATE,BUY_PROD,BUY_QTY,BUY_COST) values (to_date('05/05/06','YY/MM/DD'),'P201000008',16,32000);
Insert into PC05.BUYPROD (BUY_DATE,BUY_PROD,BUY_QTY,BUY_COST) values (to_date('05/05/06','YY/MM/DD'),'P201000009',20,33000);
Insert into PC05.BUYPROD (BUY_DATE,BUY_PROD,BUY_QTY,BUY_COST) values (to_date('05/05/09','YY/MM/DD'),'P302000021',17,23500);
Insert into PC05.BUYPROD (BUY_DATE,BUY_PROD,BUY_QTY,BUY_COST) values (to_date('05/05/09','YY/MM/DD'),'P302000022',11,78500);
Insert into PC05.BUYPROD (BUY_DATE,BUY_PROD,BUY_QTY,BUY_COST) values (to_date('05/05/09','YY/MM/DD'),'P302000023',9,21500);
Insert into PC05.BUYPROD (BUY_DATE,BUY_PROD,BUY_QTY,BUY_COST) values (to_date('05/05/12','YY/MM/DD'),'P201000010',17,55000);
Insert into PC05.BUYPROD (BUY_DATE,BUY_PROD,BUY_QTY,BUY_COST) values (to_date('05/05/12','YY/MM/DD'),'P201000011',15,56000);
Insert into PC05.BUYPROD (BUY_DATE,BUY_PROD,BUY_QTY,BUY_COST) values (to_date('05/05/12','YY/MM/DD'),'P201000012',49,57000);
Insert into PC05.BUYPROD (BUY_DATE,BUY_PROD,BUY_QTY,BUY_COST) values (to_date('05/05/17','YY/MM/DD'),'P202000004',6,18000);
Insert into PC05.BUYPROD (BUY_DATE,BUY_PROD,BUY_QTY,BUY_COST) values (to_date('05/05/17','YY/MM/DD'),'P202000005',13,23000);
Insert into PC05.BUYPROD (BUY_DATE,BUY_PROD,BUY_QTY,BUY_COST) values (to_date('05/05/17','YY/MM/DD'),'P202000006',22,28000);
Insert into PC05.BUYPROD (BUY_DATE,BUY_PROD,BUY_QTY,BUY_COST) values (to_date('05/05/18','YY/MM/DD'),'P202000016',16,99000);
Insert into PC05.BUYPROD (BUY_DATE,BUY_PROD,BUY_QTY,BUY_COST) values (to_date('05/05/18','YY/MM/DD'),'P202000017',35,109000);
Insert into PC05.BUYPROD (BUY_DATE,BUY_PROD,BUY_QTY,BUY_COST) values (to_date('05/05/18','YY/MM/DD'),'P202000018',15,159000);
Insert into PC05.BUYPROD (BUY_DATE,BUY_PROD,BUY_QTY,BUY_COST) values (to_date('05/05/20','YY/MM/DD'),'P101000004',5,1150000);
Insert into PC05.BUYPROD (BUY_DATE,BUY_PROD,BUY_QTY,BUY_COST) values (to_date('05/05/20','YY/MM/DD'),'P101000005',4,2150000);
Insert into PC05.BUYPROD (BUY_DATE,BUY_PROD,BUY_QTY,BUY_COST) values (to_date('05/05/20','YY/MM/DD'),'P101000006',3,3150000);
Insert into PC05.BUYPROD (BUY_DATE,BUY_PROD,BUY_QTY,BUY_COST) values (to_date('05/05/24','YY/MM/DD'),'P302000004',27,21000);
Insert into PC05.BUYPROD (BUY_DATE,BUY_PROD,BUY_QTY,BUY_COST) values (to_date('05/05/24','YY/MM/DD'),'P302000005',25,18000);
Insert into PC05.BUYPROD (BUY_DATE,BUY_PROD,BUY_QTY,BUY_COST) values (to_date('05/05/24','YY/MM/DD'),'P302000006',33,20000);
Insert into PC05.BUYPROD (BUY_DATE,BUY_PROD,BUY_QTY,BUY_COST) values (to_date('05/05/27','YY/MM/DD'),'P301000003',40,22000);
Insert into PC05.BUYPROD (BUY_DATE,BUY_PROD,BUY_QTY,BUY_COST) values (to_date('05/05/27','YY/MM/DD'),'P301000004',35,27000);
Insert into PC05.BUYPROD (BUY_DATE,BUY_PROD,BUY_QTY,BUY_COST) values (to_date('05/05/29','YY/MM/DD'),'P202000013',10,110000);
Insert into PC05.BUYPROD (BUY_DATE,BUY_PROD,BUY_QTY,BUY_COST) values (to_date('05/05/29','YY/MM/DD'),'P202000014',12,120000);
Insert into PC05.BUYPROD (BUY_DATE,BUY_PROD,BUY_QTY,BUY_COST) values (to_date('05/05/29','YY/MM/DD'),'P202000015',7,130000);
Insert into PC05.BUYPROD (BUY_DATE,BUY_PROD,BUY_QTY,BUY_COST) values (to_date('05/05/30','YY/MM/DD'),'P201000013',10,110000);
Insert into PC05.BUYPROD (BUY_DATE,BUY_PROD,BUY_QTY,BUY_COST) values (to_date('05/05/30','YY/MM/DD'),'P201000014',22,120000);
Insert into PC05.BUYPROD (BUY_DATE,BUY_PROD,BUY_QTY,BUY_COST) values (to_date('05/05/30','YY/MM/DD'),'P201000015',19,130000);
Insert into PC05.BUYPROD (BUY_DATE,BUY_PROD,BUY_QTY,BUY_COST) values (to_date('05/06/01','YY/MM/DD'),'P202000019',16,210000);
Insert into PC05.BUYPROD (BUY_DATE,BUY_PROD,BUY_QTY,BUY_COST) values (to_date('05/06/01','YY/MM/DD'),'P202000020',13,220000);
Insert into PC05.BUYPROD (BUY_DATE,BUY_PROD,BUY_QTY,BUY_COST) values (to_date('05/06/01','YY/MM/DD'),'P202000021',7,230000);
Insert into PC05.BUYPROD (BUY_DATE,BUY_PROD,BUY_QTY,BUY_COST) values (to_date('05/06/03','YY/MM/DD'),'P102000001',9,690000);
Insert into PC05.BUYPROD (BUY_DATE,BUY_PROD,BUY_QTY,BUY_COST) values (to_date('05/06/03','YY/MM/DD'),'P102000002',6,890000);
Insert into PC05.BUYPROD (BUY_DATE,BUY_PROD,BUY_QTY,BUY_COST) values (to_date('05/06/04','YY/MM/DD'),'P102000006',7,660000);
Insert into PC05.BUYPROD (BUY_DATE,BUY_PROD,BUY_QTY,BUY_COST) values (to_date('05/06/09','YY/MM/DD'),'P201000016',19,100000);
Insert into PC05.BUYPROD (BUY_DATE,BUY_PROD,BUY_QTY,BUY_COST) values (to_date('05/06/09','YY/MM/DD'),'P201000017',35,110000);
Insert into PC05.BUYPROD (BUY_DATE,BUY_PROD,BUY_QTY,BUY_COST) values (to_date('05/06/09','YY/MM/DD'),'P201000018',25,120000);
Insert into PC05.BUYPROD (BUY_DATE,BUY_PROD,BUY_QTY,BUY_COST) values (to_date('05/06/10','YY/MM/DD'),'P201000019',10,210000);
Insert into PC05.BUYPROD (BUY_DATE,BUY_PROD,BUY_QTY,BUY_COST) values (to_date('05/06/10','YY/MM/DD'),'P201000020',33,220000);
Insert into PC05.BUYPROD (BUY_DATE,BUY_PROD,BUY_QTY,BUY_COST) values (to_date('05/06/10','YY/MM/DD'),'P201000021',26,230000);
REM INSERTING into PC05.CART
SET DEFINE OFF;
Insert into PC05.CART (CART_MEMBER,CART_NO,CART_PROD,CART_QTY) values ('a001','2005040100001','P101000001',5);
Insert into PC05.CART (CART_MEMBER,CART_NO,CART_PROD,CART_QTY) values ('a001','2005040100001','P201000018',16);
Insert into PC05.CART (CART_MEMBER,CART_NO,CART_PROD,CART_QTY) values ('a001','2005040100001','P302000003',7);
Insert into PC05.CART (CART_MEMBER,CART_NO,CART_PROD,CART_QTY) values ('t001','2005040100002','P302000004',2);
Insert into PC05.CART (CART_MEMBER,CART_NO,CART_PROD,CART_QTY) values ('t001','2005040100002','P101000002',2);
Insert into PC05.CART (CART_MEMBER,CART_NO,CART_PROD,CART_QTY) values ('w001','2005040100003','P201000019',2);
Insert into PC05.CART (CART_MEMBER,CART_NO,CART_PROD,CART_QTY) values ('w001','2005040100003','P302000005',9);
Insert into PC05.CART (CART_MEMBER,CART_NO,CART_PROD,CART_QTY) values ('w001','2005040100003','P201000020',21);
Insert into PC05.CART (CART_MEMBER,CART_NO,CART_PROD,CART_QTY) values ('w001','2005040100003','P101000003',3);
Insert into PC05.CART (CART_MEMBER,CART_NO,CART_PROD,CART_QTY) values ('r001','2005040500001','P302000006',2);
Insert into PC05.CART (CART_MEMBER,CART_NO,CART_PROD,CART_QTY) values ('r001','2005040500001','P101000004',2);
Insert into PC05.CART (CART_MEMBER,CART_NO,CART_PROD,CART_QTY) values ('r001','2005040500001','P201000021',2);
Insert into PC05.CART (CART_MEMBER,CART_NO,CART_PROD,CART_QTY) values ('q001','2005040500002','P302000011',11);
Insert into PC05.CART (CART_MEMBER,CART_NO,CART_PROD,CART_QTY) values ('q001','2005040500002','P202000001',12);
Insert into PC05.CART (CART_MEMBER,CART_NO,CART_PROD,CART_QTY) values ('q001','2005040500002','P101000005',4);
Insert into PC05.CART (CART_MEMBER,CART_NO,CART_PROD,CART_QTY) values ('p001','2005040600001','P101000006',2);
Insert into PC05.CART (CART_MEMBER,CART_NO,CART_PROD,CART_QTY) values ('p001','2005040600001','P202000002',2);
Insert into PC05.CART (CART_MEMBER,CART_NO,CART_PROD,CART_QTY) values ('o001','2005040600002','P302000013',9);
Insert into PC05.CART (CART_MEMBER,CART_NO,CART_PROD,CART_QTY) values ('o001','2005040600002','P202000003',9);
Insert into PC05.CART (CART_MEMBER,CART_NO,CART_PROD,CART_QTY) values ('o001','2005040600002','P102000001',6);
Insert into PC05.CART (CART_MEMBER,CART_NO,CART_PROD,CART_QTY) values ('f001','2005040800001','P302000014',2);
Insert into PC05.CART (CART_MEMBER,CART_NO,CART_PROD,CART_QTY) values ('f001','2005040800001','P102000002',2);
Insert into PC05.CART (CART_MEMBER,CART_NO,CART_PROD,CART_QTY) values ('f001','2005040800001','P202000004',2);
Insert into PC05.CART (CART_MEMBER,CART_NO,CART_PROD,CART_QTY) values ('m001','2005040800002','P302000015',8);
Insert into PC05.CART (CART_MEMBER,CART_NO,CART_PROD,CART_QTY) values ('m001','2005040800002','P202000005',8);
Insert into PC05.CART (CART_MEMBER,CART_NO,CART_PROD,CART_QTY) values ('m001','2005040800002','P102000003',9);
Insert into PC05.CART (CART_MEMBER,CART_NO,CART_PROD,CART_QTY) values ('l001','2005041000001','P302000016',2);
Insert into PC05.CART (CART_MEMBER,CART_NO,CART_PROD,CART_QTY) values ('l001','2005041000001','P102000004',2);
Insert into PC05.CART (CART_MEMBER,CART_NO,CART_PROD,CART_QTY) values ('l001','2005041000001','P202000006',2);
Insert into PC05.CART (CART_MEMBER,CART_NO,CART_PROD,CART_QTY) values ('f001','2005041000002','P202000007',7);
Insert into PC05.CART (CART_MEMBER,CART_NO,CART_PROD,CART_QTY) values ('f001','2005041000002','P102000005',8);
Insert into PC05.CART (CART_MEMBER,CART_NO,CART_PROD,CART_QTY) values ('f001','2005041000002','P302000021',7);
Insert into PC05.CART (CART_MEMBER,CART_NO,CART_PROD,CART_QTY) values ('j001','2005041200001','P302000022',2);
Insert into PC05.CART (CART_MEMBER,CART_NO,CART_PROD,CART_QTY) values ('j001','2005041200001','P202000008',2);
Insert into PC05.CART (CART_MEMBER,CART_NO,CART_PROD,CART_QTY) values ('j001','2005041200001','P102000006',2);
Insert into PC05.CART (CART_MEMBER,CART_NO,CART_PROD,CART_QTY) values ('j001','2005041200001','P202000009',6);
Insert into PC05.CART (CART_MEMBER,CART_NO,CART_PROD,CART_QTY) values ('m001','2005041200002','P102000007',7);
Insert into PC05.CART (CART_MEMBER,CART_NO,CART_PROD,CART_QTY) values ('m001','2005041200002','P302000023',6);
Insert into PC05.CART (CART_MEMBER,CART_NO,CART_PROD,CART_QTY) values ('m001','2005041200002','P202000010',2);
Insert into PC05.CART (CART_MEMBER,CART_NO,CART_PROD,CART_QTY) values ('f001','2005041500001','P201000001',2);
Insert into PC05.CART (CART_MEMBER,CART_NO,CART_PROD,CART_QTY) values ('f001','2005041500001','P302000001',2);
Insert into PC05.CART (CART_MEMBER,CART_NO,CART_PROD,CART_QTY) values ('j001','2005041500002','P202000011',5);
Insert into PC05.CART (CART_MEMBER,CART_NO,CART_PROD,CART_QTY) values ('j001','2005041500002','P201000002',5);
Insert into PC05.CART (CART_MEMBER,CART_NO,CART_PROD,CART_QTY) values ('j001','2005041500002','P302000002',5);
Insert into PC05.CART (CART_MEMBER,CART_NO,CART_PROD,CART_QTY) values ('f001','2005041600001','P302000003',2);
Insert into PC05.CART (CART_MEMBER,CART_NO,CART_PROD,CART_QTY) values ('f001','2005041600001','P201000003',2);
Insert into PC05.CART (CART_MEMBER,CART_NO,CART_PROD,CART_QTY) values ('f001','2005041600001','P202000012',2);
Insert into PC05.CART (CART_MEMBER,CART_NO,CART_PROD,CART_QTY) values ('e001','2005041600002','P302000004',4);
Insert into PC05.CART (CART_MEMBER,CART_NO,CART_PROD,CART_QTY) values ('e001','2005041600002','P201000004',3);
Insert into PC05.CART (CART_MEMBER,CART_NO,CART_PROD,CART_QTY) values ('e001','2005041600002','P202000013',4);
Insert into PC05.CART (CART_MEMBER,CART_NO,CART_PROD,CART_QTY) values ('d001','2005041800001','P302000005',2);
Insert into PC05.CART (CART_MEMBER,CART_NO,CART_PROD,CART_QTY) values ('d001','2005041800001','P201000005',2);
Insert into PC05.CART (CART_MEMBER,CART_NO,CART_PROD,CART_QTY) values ('d001','2005041800001','P202000014',2);
Insert into PC05.CART (CART_MEMBER,CART_NO,CART_PROD,CART_QTY) values ('c001','2005041800002','P302000006',3);
Insert into PC05.CART (CART_MEMBER,CART_NO,CART_PROD,CART_QTY) values ('c001','2005041800002','P201000006',1);
Insert into PC05.CART (CART_MEMBER,CART_NO,CART_PROD,CART_QTY) values ('c001','2005041800002','P202000015',3);
Insert into PC05.CART (CART_MEMBER,CART_NO,CART_PROD,CART_QTY) values ('b001','2005042000001','P302000011',2);
Insert into PC05.CART (CART_MEMBER,CART_NO,CART_PROD,CART_QTY) values ('b001','2005042000001','P201000007',2);
Insert into PC05.CART (CART_MEMBER,CART_NO,CART_PROD,CART_QTY) values ('b001','2005042000001','P202000016',2);
Insert into PC05.CART (CART_MEMBER,CART_NO,CART_PROD,CART_QTY) values ('b001','2005042000001','P202000017',1);
Insert into PC05.CART (CART_MEMBER,CART_NO,CART_PROD,CART_QTY) values ('b001','2005042000001','P201000008',5);
Insert into PC05.CART (CART_MEMBER,CART_NO,CART_PROD,CART_QTY) values ('c001','2005042000002','P202000018',2);
Insert into PC05.CART (CART_MEMBER,CART_NO,CART_PROD,CART_QTY) values ('c001','2005042000002','P201000009',2);
Insert into PC05.CART (CART_MEMBER,CART_NO,CART_PROD,CART_QTY) values ('c001','2005042000002','P202000019',2);
Insert into PC05.CART (CART_MEMBER,CART_NO,CART_PROD,CART_QTY) values ('c001','2005042000002','P201000010',4);
Insert into PC05.CART (CART_MEMBER,CART_NO,CART_PROD,CART_QTY) values ('c001','2005042000002','P202000020',2);
Insert into PC05.CART (CART_MEMBER,CART_NO,CART_PROD,CART_QTY) values ('x001','2005042400001','P201000011',2);
Insert into PC05.CART (CART_MEMBER,CART_NO,CART_PROD,CART_QTY) values ('x001','2005042400001','P202000021',4);
Insert into PC05.CART (CART_MEMBER,CART_NO,CART_PROD,CART_QTY) values ('x001','2005042400001','P201000012',3);
Insert into PC05.CART (CART_MEMBER,CART_NO,CART_PROD,CART_QTY) values ('e001','2005042400002','P301000001',2);
Insert into PC05.CART (CART_MEMBER,CART_NO,CART_PROD,CART_QTY) values ('e001','2005042400002','P201000013',2);
Insert into PC05.CART (CART_MEMBER,CART_NO,CART_PROD,CART_QTY) values ('e001','2005042400002','P301000002',5);
Insert into PC05.CART (CART_MEMBER,CART_NO,CART_PROD,CART_QTY) values ('e001','2005042400002','P201000014',13);
Insert into PC05.CART (CART_MEMBER,CART_NO,CART_PROD,CART_QTY) values ('c001','2005042800001','P301000003',2);
Insert into PC05.CART (CART_MEMBER,CART_NO,CART_PROD,CART_QTY) values ('c001','2005042800001','P201000015',2);
Insert into PC05.CART (CART_MEMBER,CART_NO,CART_PROD,CART_QTY) values ('b001','2005042800002','P302000001',6);
Insert into PC05.CART (CART_MEMBER,CART_NO,CART_PROD,CART_QTY) values ('b001','2005042800002','P201000016',15);
Insert into PC05.CART (CART_MEMBER,CART_NO,CART_PROD,CART_QTY) values ('b001','2005042800002','P302000002',2);
Insert into PC05.CART (CART_MEMBER,CART_NO,CART_PROD,CART_QTY) values ('b001','2005042800002','P201000017',2);
Insert into PC05.CART (CART_MEMBER,CART_NO,CART_PROD,CART_QTY) values ('b001','2005050100001','P201000013',5);
Insert into PC05.CART (CART_MEMBER,CART_NO,CART_PROD,CART_QTY) values ('b001','2005050100001','P301000002',5);
Insert into PC05.CART (CART_MEMBER,CART_NO,CART_PROD,CART_QTY) values ('c001','2005050100002','P301000003',6);
Insert into PC05.CART (CART_MEMBER,CART_NO,CART_PROD,CART_QTY) values ('c001','2005050100002','P201000014',3);
Insert into PC05.CART (CART_MEMBER,CART_NO,CART_PROD,CART_QTY) values ('c001','2005050100002','P201000015',7);
Insert into PC05.CART (CART_MEMBER,CART_NO,CART_PROD,CART_QTY) values ('d001','2005050300001','P302000001',4);
Insert into PC05.CART (CART_MEMBER,CART_NO,CART_PROD,CART_QTY) values ('d001','2005050300001','P302000002',3);
Insert into PC05.CART (CART_MEMBER,CART_NO,CART_PROD,CART_QTY) values ('e001','2005050300002','P201000016',8);
Insert into PC05.CART (CART_MEMBER,CART_NO,CART_PROD,CART_QTY) values ('e001','2005050300002','P201000017',21);
Insert into PC05.CART (CART_MEMBER,CART_NO,CART_PROD,CART_QTY) values ('g001','2005050500001','P302000003',4);
Insert into PC05.CART (CART_MEMBER,CART_NO,CART_PROD,CART_QTY) values ('g001','2005050500001','P201000018',11);
Insert into PC05.CART (CART_MEMBER,CART_NO,CART_PROD,CART_QTY) values ('g001','2005050500001','P302000004',3);
Insert into PC05.CART (CART_MEMBER,CART_NO,CART_PROD,CART_QTY) values ('a001','2005050500002','P201000019',12);
Insert into PC05.CART (CART_MEMBER,CART_NO,CART_PROD,CART_QTY) values ('a001','2005050700001','P302000005',5);
Insert into PC05.CART (CART_MEMBER,CART_NO,CART_PROD,CART_QTY) values ('a001','2005050700001','P101000001',3);
Insert into PC05.CART (CART_MEMBER,CART_NO,CART_PROD,CART_QTY) values ('a001','2005050700001','P101000002',1);
Insert into PC05.CART (CART_MEMBER,CART_NO,CART_PROD,CART_QTY) values ('b001','2005050700002','P201000020',2);
Insert into PC05.CART (CART_MEMBER,CART_NO,CART_PROD,CART_QTY) values ('b001','2005050700002','P302000006',6);
Insert into PC05.CART (CART_MEMBER,CART_NO,CART_PROD,CART_QTY) values ('b001','2005050700002','P302000011',7);
Insert into PC05.CART (CART_MEMBER,CART_NO,CART_PROD,CART_QTY) values ('c001','2005051000001','P201000021',5);
Insert into PC05.CART (CART_MEMBER,CART_NO,CART_PROD,CART_QTY) values ('c001','2005051000001','P101000003',2);
Insert into PC05.CART (CART_MEMBER,CART_NO,CART_PROD,CART_QTY) values ('c001','2005051000001','P101000004',4);
Insert into PC05.CART (CART_MEMBER,CART_NO,CART_PROD,CART_QTY) values ('d001','2005051000002','P202000001',6);
Insert into PC05.CART (CART_MEMBER,CART_NO,CART_PROD,CART_QTY) values ('d001','2005051000002','P302000012',8);
Insert into PC05.CART (CART_MEMBER,CART_NO,CART_PROD,CART_QTY) values ('d001','2005051000002','P302000013',3);
Insert into PC05.CART (CART_MEMBER,CART_NO,CART_PROD,CART_QTY) values ('d001','2005051000002','P101000005',5);
Insert into PC05.CART (CART_MEMBER,CART_NO,CART_PROD,CART_QTY) values ('d001','2005051000002','P202000002',7);
Insert into PC05.CART (CART_MEMBER,CART_NO,CART_PROD,CART_QTY) values ('f001','2005051200001','P101000006',6);
Insert into PC05.CART (CART_MEMBER,CART_NO,CART_PROD,CART_QTY) values ('f001','2005051200001','P202000003',8);
Insert into PC05.CART (CART_MEMBER,CART_NO,CART_PROD,CART_QTY) values ('f001','2005051200001','P302000014',4);
Insert into PC05.CART (CART_MEMBER,CART_NO,CART_PROD,CART_QTY) values ('f001','2005051200001','P302000015',5);
Insert into PC05.CART (CART_MEMBER,CART_NO,CART_PROD,CART_QTY) values ('f001','2005051200001','P102000001',1);
Insert into PC05.CART (CART_MEMBER,CART_NO,CART_PROD,CART_QTY) values ('g001','2005051300001','P202000004',9);
Insert into PC05.CART (CART_MEMBER,CART_NO,CART_PROD,CART_QTY) values ('g001','2005051300001','P102000002',2);
Insert into PC05.CART (CART_MEMBER,CART_NO,CART_PROD,CART_QTY) values ('g001','2005051300001','P202000005',11);
Insert into PC05.CART (CART_MEMBER,CART_NO,CART_PROD,CART_QTY) values ('g001','2005051300001','P302000016',6);
Insert into PC05.CART (CART_MEMBER,CART_NO,CART_PROD,CART_QTY) values ('g001','2005051300001','P302000021',3);
Insert into PC05.CART (CART_MEMBER,CART_NO,CART_PROD,CART_QTY) values ('i001','2005051500001','P102000003',3);
Insert into PC05.CART (CART_MEMBER,CART_NO,CART_PROD,CART_QTY) values ('i001','2005051500001','P202000006',12);
Insert into PC05.CART (CART_MEMBER,CART_NO,CART_PROD,CART_QTY) values ('j001','2005051600001','P102000004',4);
Insert into PC05.CART (CART_MEMBER,CART_NO,CART_PROD,CART_QTY) values ('j001','2005051600001','P202000007',17);
Insert into PC05.CART (CART_MEMBER,CART_NO,CART_PROD,CART_QTY) values ('j001','2005051600001','P302000022',1);
Insert into PC05.CART (CART_MEMBER,CART_NO,CART_PROD,CART_QTY) values ('k001','2005051600002','P302000023',3);
Insert into PC05.CART (CART_MEMBER,CART_NO,CART_PROD,CART_QTY) values ('k001','2005051600002','P102000005',5);
Insert into PC05.CART (CART_MEMBER,CART_NO,CART_PROD,CART_QTY) values ('k001','2005051600002','P202000008',21);
Insert into PC05.CART (CART_MEMBER,CART_NO,CART_PROD,CART_QTY) values ('k001','2005051600002','P102000006',6);
Insert into PC05.CART (CART_MEMBER,CART_NO,CART_PROD,CART_QTY) values ('k001','2005051600002','P202000009',13);
Insert into PC05.CART (CART_MEMBER,CART_NO,CART_PROD,CART_QTY) values ('l001','2005051800001','P302000001',4);
Insert into PC05.CART (CART_MEMBER,CART_NO,CART_PROD,CART_QTY) values ('l001','2005051800001','P302000002',6);
Insert into PC05.CART (CART_MEMBER,CART_NO,CART_PROD,CART_QTY) values ('m001','2005051800002','P102000007',3);
Insert into PC05.CART (CART_MEMBER,CART_NO,CART_PROD,CART_QTY) values ('m001','2005051800002','P202000010',23);
Insert into PC05.CART (CART_MEMBER,CART_NO,CART_PROD,CART_QTY) values ('m001','2005051800002','P201000001',5);
Insert into PC05.CART (CART_MEMBER,CART_NO,CART_PROD,CART_QTY) values ('m001','2005051800002','P202000011',25);
Insert into PC05.CART (CART_MEMBER,CART_NO,CART_PROD,CART_QTY) values ('m001','2005051800002','P302000003',7);
Insert into PC05.CART (CART_MEMBER,CART_NO,CART_PROD,CART_QTY) values ('m001','2005051800002','P302000004',2);
Insert into PC05.CART (CART_MEMBER,CART_NO,CART_PROD,CART_QTY) values ('o001','2005052100001','P201000002',2);
Insert into PC05.CART (CART_MEMBER,CART_NO,CART_PROD,CART_QTY) values ('o001','2005052100001','P202000012',5);
Insert into PC05.CART (CART_MEMBER,CART_NO,CART_PROD,CART_QTY) values ('o001','2005052100001','P201000003',5);
Insert into PC05.CART (CART_MEMBER,CART_NO,CART_PROD,CART_QTY) values ('p001','2005052100002','P202000013',7);
Insert into PC05.CART (CART_MEMBER,CART_NO,CART_PROD,CART_QTY) values ('p001','2005052100002','P302000005',3);
Insert into PC05.CART (CART_MEMBER,CART_NO,CART_PROD,CART_QTY) values ('p001','2005052100002','P302000006',1);
Insert into PC05.CART (CART_MEMBER,CART_NO,CART_PROD,CART_QTY) values ('p001','2005052100002','P201000004',6);
Insert into PC05.CART (CART_MEMBER,CART_NO,CART_PROD,CART_QTY) values ('p001','2005052100002','P202000014',6);
Insert into PC05.CART (CART_MEMBER,CART_NO,CART_PROD,CART_QTY) values ('r001','2005052400001','P201000005',2);
Insert into PC05.CART (CART_MEMBER,CART_NO,CART_PROD,CART_QTY) values ('r001','2005052400001','P202000015',5);
Insert into PC05.CART (CART_MEMBER,CART_NO,CART_PROD,CART_QTY) values ('r001','2005052400001','P302000011',4);
Insert into PC05.CART (CART_MEMBER,CART_NO,CART_PROD,CART_QTY) values ('s001','2005052500001','P302000012',2);
Insert into PC05.CART (CART_MEMBER,CART_NO,CART_PROD,CART_QTY) values ('s001','2005052500001','P201000006',3);
Insert into PC05.CART (CART_MEMBER,CART_NO,CART_PROD,CART_QTY) values ('s001','2005052500001','P202000016',4);
Insert into PC05.CART (CART_MEMBER,CART_NO,CART_PROD,CART_QTY) values ('t001','2005052500002','P201000007',1);
Insert into PC05.CART (CART_MEMBER,CART_NO,CART_PROD,CART_QTY) values ('t001','2005052500002','P202000017',3);
Insert into PC05.CART (CART_MEMBER,CART_NO,CART_PROD,CART_QTY) values ('t001','2005052500002','P201000008',6);
Insert into PC05.CART (CART_MEMBER,CART_NO,CART_PROD,CART_QTY) values ('t001','2005052500002','P202000018',2);
Insert into PC05.CART (CART_MEMBER,CART_NO,CART_PROD,CART_QTY) values ('v001','2005052800001','P201000009',3);
Insert into PC05.CART (CART_MEMBER,CART_NO,CART_PROD,CART_QTY) values ('v001','2005052800001','P202000019',1);
Insert into PC05.CART (CART_MEMBER,CART_NO,CART_PROD,CART_QTY) values ('w001','2005052900001','P201000010',2);
Insert into PC05.CART (CART_MEMBER,CART_NO,CART_PROD,CART_QTY) values ('w001','2005052900001','P202000020',9);
Insert into PC05.CART (CART_MEMBER,CART_NO,CART_PROD,CART_QTY) values ('w001','2005052900001','P201000011',3);
Insert into PC05.CART (CART_MEMBER,CART_NO,CART_PROD,CART_QTY) values ('x001','2005052900002','P202000021',8);
Insert into PC05.CART (CART_MEMBER,CART_NO,CART_PROD,CART_QTY) values ('x001','2005052900002','P201000012',4);
Insert into PC05.CART (CART_MEMBER,CART_NO,CART_PROD,CART_QTY) values ('x001','2005052900002','P301000001',7);
Insert into PC05.CART (CART_MEMBER,CART_NO,CART_PROD,CART_QTY) values ('a001','2005060500001','P302000013',2);
Insert into PC05.CART (CART_MEMBER,CART_NO,CART_PROD,CART_QTY) values ('a001','2005060500001','P302000014',11);
Insert into PC05.CART (CART_MEMBER,CART_NO,CART_PROD,CART_QTY) values ('a001','2005060500001','P302000015',2);
Insert into PC05.CART (CART_MEMBER,CART_NO,CART_PROD,CART_QTY) values ('b001','2005060600001','P302000016',9);
Insert into PC05.CART (CART_MEMBER,CART_NO,CART_PROD,CART_QTY) values ('b001','2005060600001','P302000021',2);
Insert into PC05.CART (CART_MEMBER,CART_NO,CART_PROD,CART_QTY) values ('b001','2005060600001','P302000022',8);
Insert into PC05.CART (CART_MEMBER,CART_NO,CART_PROD,CART_QTY) values ('c001','2005061200001','P302000023',2);
Insert into PC05.CART (CART_MEMBER,CART_NO,CART_PROD,CART_QTY) values ('c001','2005061200001','P302000001',7);
Insert into PC05.CART (CART_MEMBER,CART_NO,CART_PROD,CART_QTY) values ('d001','2005061300001','P302000002',2);
Insert into PC05.CART (CART_MEMBER,CART_NO,CART_PROD,CART_QTY) values ('d001','2005061300001','P302000003',6);
Insert into PC05.CART (CART_MEMBER,CART_NO,CART_PROD,CART_QTY) values ('e001','2005061300002','P302000004',2);
Insert into PC05.CART (CART_MEMBER,CART_NO,CART_PROD,CART_QTY) values ('e001','2005061300002','P302000005',5);
Insert into PC05.CART (CART_MEMBER,CART_NO,CART_PROD,CART_QTY) values ('e001','2005062100001','P302000006',2);
Insert into PC05.CART (CART_MEMBER,CART_NO,CART_PROD,CART_QTY) values ('e001','2005062100001','P302000011',4);
Insert into PC05.CART (CART_MEMBER,CART_NO,CART_PROD,CART_QTY) values ('f001','2005062100002','P302000012',2);
Insert into PC05.CART (CART_MEMBER,CART_NO,CART_PROD,CART_QTY) values ('f001','2005062500001','P302000013',3);
Insert into PC05.CART (CART_MEMBER,CART_NO,CART_PROD,CART_QTY) values ('f001','2005062500001','P302000014',2);
Insert into PC05.CART (CART_MEMBER,CART_NO,CART_PROD,CART_QTY) values ('f001','2005062500001','P302000015',1);
Insert into PC05.CART (CART_MEMBER,CART_NO,CART_PROD,CART_QTY) values ('b001','2005070100001','P201000013',5);
Insert into PC05.CART (CART_MEMBER,CART_NO,CART_PROD,CART_QTY) values ('b001','2005070100001','P301000002',5);
Insert into PC05.CART (CART_MEMBER,CART_NO,CART_PROD,CART_QTY) values ('c001','2005070100002','P301000003',6);
Insert into PC05.CART (CART_MEMBER,CART_NO,CART_PROD,CART_QTY) values ('c001','2005070100002','P201000014',3);
Insert into PC05.CART (CART_MEMBER,CART_NO,CART_PROD,CART_QTY) values ('c001','2005070100002','P201000015',7);
Insert into PC05.CART (CART_MEMBER,CART_NO,CART_PROD,CART_QTY) values ('d001','2005070300001','P302000001',4);
Insert into PC05.CART (CART_MEMBER,CART_NO,CART_PROD,CART_QTY) values ('d001','2005070300001','P302000002',3);
Insert into PC05.CART (CART_MEMBER,CART_NO,CART_PROD,CART_QTY) values ('e001','2005070300002','P201000016',8);
Insert into PC05.CART (CART_MEMBER,CART_NO,CART_PROD,CART_QTY) values ('e001','2005070300002','P201000017',21);
Insert into PC05.CART (CART_MEMBER,CART_NO,CART_PROD,CART_QTY) values ('g001','2005070800001','P101000001',3);
Insert into PC05.CART (CART_MEMBER,CART_NO,CART_PROD,CART_QTY) values ('g001','2005070800001','P101000002',1);
Insert into PC05.CART (CART_MEMBER,CART_NO,CART_PROD,CART_QTY) values ('r001','2005070800002','P101000003',2);
Insert into PC05.CART (CART_MEMBER,CART_NO,CART_PROD,CART_QTY) values ('h001','2005071100001','P101000005',5);
Insert into PC05.CART (CART_MEMBER,CART_NO,CART_PROD,CART_QTY) values ('r001','2005071100002','P101000006',6);
Insert into PC05.CART (CART_MEMBER,CART_NO,CART_PROD,CART_QTY) values ('i001','2005071900001','P102000001',1);
Insert into PC05.CART (CART_MEMBER,CART_NO,CART_PROD,CART_QTY) values ('i001','2005071900001','P102000002',2);
Insert into PC05.CART (CART_MEMBER,CART_NO,CART_PROD,CART_QTY) values ('i001','2005071900001','P102000003',3);
Insert into PC05.CART (CART_MEMBER,CART_NO,CART_PROD,CART_QTY) values ('u001','2005071900002','P102000004',4);
Insert into PC05.CART (CART_MEMBER,CART_NO,CART_PROD,CART_QTY) values ('u001','2005071900002','P102000005',5);
Insert into PC05.CART (CART_MEMBER,CART_NO,CART_PROD,CART_QTY) values ('j001','2005072800001','P102000006',6);
Insert into PC05.CART (CART_MEMBER,CART_NO,CART_PROD,CART_QTY) values ('j001','2005072800001','P102000003',3);
Insert into PC05.CART (CART_MEMBER,CART_NO,CART_PROD,CART_QTY) values ('q001','2005072800002','P102000004',4);
Insert into PC05.CART (CART_MEMBER,CART_NO,CART_PROD,CART_QTY) values ('q001','2005072800002','P102000005',5);
Insert into PC05.CART (CART_MEMBER,CART_NO,CART_PROD,CART_QTY) values ('c001','2005072800003','P301000003',2);
Insert into PC05.CART (CART_MEMBER,CART_NO,CART_PROD,CART_QTY) values ('c001','2005072800003','P201000015',2);
Insert into PC05.CART (CART_MEMBER,CART_NO,CART_PROD,CART_QTY) values ('b001','2005072800004','P302000001',6);
Insert into PC05.CART (CART_MEMBER,CART_NO,CART_PROD,CART_QTY) values ('b001','2005072800004','P201000016',15);
Insert into PC05.CART (CART_MEMBER,CART_NO,CART_PROD,CART_QTY) values ('b001','2005072800004','P302000002',2);
Insert into PC05.CART (CART_MEMBER,CART_NO,CART_PROD,CART_QTY) values ('b001','2005072800004','P201000017',2);
REM INSERTING into PC05.DEPT
SET DEFINE OFF;
Insert into PC05.DEPT (DEPTNO,DNAME,LOC) values (10,'ACCOUNTING','NEW YORK');
Insert into PC05.DEPT (DEPTNO,DNAME,LOC) values (20,'RESEARCH','DALLAS');
Insert into PC05.DEPT (DEPTNO,DNAME,LOC) values (30,'SALES','CHICAGO');
Insert into PC05.DEPT (DEPTNO,DNAME,LOC) values (40,'OPERATIONS','BOSTON');
REM INSERTING into PC05.EMP
SET DEFINE OFF;
Insert into PC05.EMP (EMPNO,ENAME,JOB,MGR,HIREDATE,SAL,COMM,DEPTNO) values (7369,'SMITH','CLERK',7902,to_date('80/12/17','YY/MM/DD'),800,null,20);
Insert into PC05.EMP (EMPNO,ENAME,JOB,MGR,HIREDATE,SAL,COMM,DEPTNO) values (7499,'ALLEN','SALESMAN',7698,to_date('81/02/20','YY/MM/DD'),1600,300,30);
Insert into PC05.EMP (EMPNO,ENAME,JOB,MGR,HIREDATE,SAL,COMM,DEPTNO) values (7521,'WARD','SALESMAN',7698,to_date('81/02/22','YY/MM/DD'),1250,500,30);
Insert into PC05.EMP (EMPNO,ENAME,JOB,MGR,HIREDATE,SAL,COMM,DEPTNO) values (7566,'JONES','MANAGER',7839,to_date('81/04/02','YY/MM/DD'),2975,null,20);
Insert into PC05.EMP (EMPNO,ENAME,JOB,MGR,HIREDATE,SAL,COMM,DEPTNO) values (7654,'MARTIN','SALESMAN',7698,to_date('81/09/28','YY/MM/DD'),1250,1400,30);
Insert into PC05.EMP (EMPNO,ENAME,JOB,MGR,HIREDATE,SAL,COMM,DEPTNO) values (7698,'BLAKE','MANAGER',7839,to_date('81/05/01','YY/MM/DD'),2850,null,30);
Insert into PC05.EMP (EMPNO,ENAME,JOB,MGR,HIREDATE,SAL,COMM,DEPTNO) values (7782,'CLARK','MANAGER',7839,to_date('81/06/09','YY/MM/DD'),2450,null,10);
Insert into PC05.EMP (EMPNO,ENAME,JOB,MGR,HIREDATE,SAL,COMM,DEPTNO) values (7788,'SCOTT','ANALYST',7566,to_date('82/12/09','YY/MM/DD'),3000,null,20);
Insert into PC05.EMP (EMPNO,ENAME,JOB,MGR,HIREDATE,SAL,COMM,DEPTNO) values (7839,'KING','PRESIDENT',null,to_date('81/11/17','YY/MM/DD'),5000,null,10);
Insert into PC05.EMP (EMPNO,ENAME,JOB,MGR,HIREDATE,SAL,COMM,DEPTNO) values (7844,'TURNER','SALESMAN',7698,to_date('81/09/08','YY/MM/DD'),1500,0,30);
Insert into PC05.EMP (EMPNO,ENAME,JOB,MGR,HIREDATE,SAL,COMM,DEPTNO) values (7876,'ADAMS','CLERK',7788,to_date('83/01/12','YY/MM/DD'),1100,null,20);
Insert into PC05.EMP (EMPNO,ENAME,JOB,MGR,HIREDATE,SAL,COMM,DEPTNO) values (7900,'JAMES','CLERK',7698,to_date('81/12/03','YY/MM/DD'),950,null,30);
Insert into PC05.EMP (EMPNO,ENAME,JOB,MGR,HIREDATE,SAL,COMM,DEPTNO) values (7902,'FORD','ANALYST',7566,to_date('81/12/03','YY/MM/DD'),3000,null,20);
Insert into PC05.EMP (EMPNO,ENAME,JOB,MGR,HIREDATE,SAL,COMM,DEPTNO) values (7934,'MILLER','CLERK',7782,to_date('82/01/23','YY/MM/DD'),1300,null,10);
REM INSERTING into PC05.LPROD
SET DEFINE OFF;
Insert into PC05.LPROD (LPROD_ID,LPROD_GU,LPROD_NM) values (1,'P101','컴퓨터제품');
Insert into PC05.LPROD (LPROD_ID,LPROD_GU,LPROD_NM) values (2,'P102','전자제품');
Insert into PC05.LPROD (LPROD_ID,LPROD_GU,LPROD_NM) values (3,'P201','여성캐주얼');
Insert into PC05.LPROD (LPROD_ID,LPROD_GU,LPROD_NM) values (4,'P202','남성캐주얼');
Insert into PC05.LPROD (LPROD_ID,LPROD_GU,LPROD_NM) values (5,'P301','피혁잡화');
Insert into PC05.LPROD (LPROD_ID,LPROD_GU,LPROD_NM) values (6,'P302','화장품');
Insert into PC05.LPROD (LPROD_ID,LPROD_GU,LPROD_NM) values (7,'P401','음반/CD');
Insert into PC05.LPROD (LPROD_ID,LPROD_GU,LPROD_NM) values (8,'P402','도서');
Insert into PC05.LPROD (LPROD_ID,LPROD_GU,LPROD_NM) values (9,'P403','문구류');
REM INSERTING into PC05.MEMBER
SET DEFINE OFF;
Insert into PC05.MEMBER (MEM_ID,MEM_PASS,MEM_NAME,MEM_REGNO1,MEM_REGNO2,MEM_BIR,MEM_ZIP,MEM_ADD1,MEM_ADD2,MEM_HOMETEL,MEM_COMTEL,MEM_HP,MEM_MAIL,MEM_JOB,MEM_LIKE,MEM_MEMORIAL,MEM_MEMORIALDAY,MEM_MILEAGE,MEM_DELETE) values ('a001','asdfasdf','김은대','760115','1406420',to_date('76/01/15','YY/MM/DD'),'135-972','대전시 동구 용운동','222-2번지','042-621-4615','042-621-4615','011-621-4615','pyoedab@lycos.co.kr','주부','수영','결혼기념일',to_date('99/01/12','YY/MM/DD'),1000,null);
Insert into PC05.MEMBER (MEM_ID,MEM_PASS,MEM_NAME,MEM_REGNO1,MEM_REGNO2,MEM_BIR,MEM_ZIP,MEM_ADD1,MEM_ADD2,MEM_HOMETEL,MEM_COMTEL,MEM_HP,MEM_MAIL,MEM_JOB,MEM_LIKE,MEM_MEMORIAL,MEM_MEMORIALDAY,MEM_MILEAGE,MEM_DELETE) values ('b001','1004','이쁜이','741004','2900000',to_date('74/01/07','YY/MM/DD'),'700-030','서울시 천사동 예쁜마을','1004-29','02-888-9999','02-888-9999','016-888-9999','engelcd@pretty.net','회사원','수영','아버님생신',to_date('99/02/12','YY/MM/DD'),2300,null);
Insert into PC05.MEMBER (MEM_ID,MEM_PASS,MEM_NAME,MEM_REGNO1,MEM_REGNO2,MEM_BIR,MEM_ZIP,MEM_ADD1,MEM_ADD2,MEM_HOMETEL,MEM_COMTEL,MEM_HP,MEM_MAIL,MEM_JOB,MEM_LIKE,MEM_MEMORIAL,MEM_MEMORIALDAY,MEM_MILEAGE,MEM_DELETE) values ('c001','7777','신용환','740124','1400716',to_date('74/01/24','YY/MM/DD'),'407-817','대전광역시 중구 대흥동','477-9','042-123-5678','042-123-5678','011-123-5678','kyh01e@hanmail.net','교사','독서','아내생일',to_date('99/03/12','YY/MM/DD'),3500,null);
Insert into PC05.MEMBER (MEM_ID,MEM_PASS,MEM_NAME,MEM_REGNO1,MEM_REGNO2,MEM_BIR,MEM_ZIP,MEM_ADD1,MEM_ADD2,MEM_HOMETEL,MEM_COMTEL,MEM_HP,MEM_MAIL,MEM_JOB,MEM_LIKE,MEM_MEMORIAL,MEM_MEMORIALDAY,MEM_MILEAGE,MEM_DELETE) values ('d001','123joy','성윤미','460409','2000000',to_date('46/04/09','YY/MM/DD'),'501-705','대전시 중구 하늘동 ','땅 3번지','042-222-8877','042-222-8877','019-222-8877','dbs81f@hanmail.net','공무원','볼링','결혼기념일',to_date('99/04/12','YY/MM/DD'),1700,null);
Insert into PC05.MEMBER (MEM_ID,MEM_PASS,MEM_NAME,MEM_REGNO1,MEM_REGNO2,MEM_BIR,MEM_ZIP,MEM_ADD1,MEM_ADD2,MEM_HOMETEL,MEM_COMTEL,MEM_HP,MEM_MAIL,MEM_JOB,MEM_LIKE,MEM_MEMORIAL,MEM_MEMORIALDAY,MEM_MILEAGE,MEM_DELETE) values ('e001','00000000','이혜나','750501','2406017',to_date('75/05/01','YY/MM/DD'),'617-800','대전시 대덕구 읍내동','혜강아파트','042-432-8901','042-432-8901','011-432-8901','bosiang@hanmail.net','농업','당구','아버님생신',to_date('99/05/12','YY/MM/DD'),6500,null);
Insert into PC05.MEMBER (MEM_ID,MEM_PASS,MEM_NAME,MEM_REGNO1,MEM_REGNO2,MEM_BIR,MEM_ZIP,MEM_ADD1,MEM_ADD2,MEM_HOMETEL,MEM_COMTEL,MEM_HP,MEM_MAIL,MEM_JOB,MEM_LIKE,MEM_MEMORIAL,MEM_MEMORIALDAY,MEM_MILEAGE,MEM_DELETE) values ('f001','12345678','신영남','751228','1459919',to_date('72/11/04','YY/MM/DD'),'140-706','대전광역시 대흥동','65-33 303호','042-253-2121','042-253-2121','011-253-2121','SUPER-KHG@HANMAIL.NET','주부','볼링','아내생일',to_date('99/06/12','YY/MM/DD'),2700,null);
Insert into PC05.MEMBER (MEM_ID,MEM_PASS,MEM_NAME,MEM_REGNO1,MEM_REGNO2,MEM_BIR,MEM_ZIP,MEM_ADD1,MEM_ADD2,MEM_HOMETEL,MEM_COMTEL,MEM_HP,MEM_MAIL,MEM_JOB,MEM_LIKE,MEM_MEMORIAL,MEM_MEMORIALDAY,MEM_MILEAGE,MEM_DELETE) values ('g001','1456','송경희','771111','2403414',to_date('65/01/01','YY/MM/DD'),'339-841','충남금산군 제원면','심내리123-1','0412-356-3578','0412-356-3578','017-356-3578','lim052@hanmail.net','주부','스키','결혼기념일',to_date('99/07/12','YY/MM/DD'),800,null);
Insert into PC05.MEMBER (MEM_ID,MEM_PASS,MEM_NAME,MEM_REGNO1,MEM_REGNO2,MEM_BIR,MEM_ZIP,MEM_ADD1,MEM_ADD2,MEM_HOMETEL,MEM_COMTEL,MEM_HP,MEM_MAIL,MEM_JOB,MEM_LIKE,MEM_MEMORIAL,MEM_MEMORIALDAY,MEM_MILEAGE,MEM_DELETE) values ('h001','9999','라준호','740728','1455822',to_date('67/03/01','YY/MM/DD'),'339-841','충남 논산시 양촌면','산직3구 345','042-522-1679','042-522-1679','019-522-1679','wingl7@hanmail.net','회사원','독서','아내생일',to_date('99/08/12','YY/MM/DD'),1500,null);
Insert into PC05.MEMBER (MEM_ID,MEM_PASS,MEM_NAME,MEM_REGNO1,MEM_REGNO2,MEM_BIR,MEM_ZIP,MEM_ADD1,MEM_ADD2,MEM_HOMETEL,MEM_COMTEL,MEM_HP,MEM_MAIL,MEM_JOB,MEM_LIKE,MEM_MEMORIAL,MEM_MEMORIALDAY,MEM_MILEAGE,MEM_DELETE) values ('i001','1111','최지현','741220','2384719',to_date('74/12/20','YY/MM/DD'),'306-702','대전시 동구 가양1동','768-12','042-614-6914','042-614-6914','017-614-6914','pan@orgio.net','공무원','등산','남편생일',to_date('99/09/12','YY/MM/DD'),900,null);
Insert into PC05.MEMBER (MEM_ID,MEM_PASS,MEM_NAME,MEM_REGNO1,MEM_REGNO2,MEM_BIR,MEM_ZIP,MEM_ADD1,MEM_ADD2,MEM_HOMETEL,MEM_COMTEL,MEM_HP,MEM_MAIL,MEM_JOB,MEM_LIKE,MEM_MEMORIAL,MEM_MEMORIALDAY,MEM_MILEAGE,MEM_DELETE) values ('j001','6262','김윤희','751019','2448920',to_date('75/11/21','YY/MM/DD'),'306-702','대전시 서구 삼천동','한신아파트305동309호','042-332-8976','042-332-8976','018-332-8976','maxsys@hanmail.net','농업','개그','결혼기념일',to_date('99/10/12','YY/MM/DD'),1100,null);
Insert into PC05.MEMBER (MEM_ID,MEM_PASS,MEM_NAME,MEM_REGNO1,MEM_REGNO2,MEM_BIR,MEM_ZIP,MEM_ADD1,MEM_ADD2,MEM_HOMETEL,MEM_COMTEL,MEM_HP,MEM_MAIL,MEM_JOB,MEM_LIKE,MEM_MEMORIAL,MEM_MEMORIALDAY,MEM_MILEAGE,MEM_DELETE) values ('k001','7227','오철희','620123','1449311',to_date('62/01/23','YY/MM/DD'),'306-702','대전시 대덕구 대화동','34-567','042-157-8765','042-157-8765','016-157-8765','equus@orgio.net','자영업','서예','아내생일',to_date('99/11/12','YY/MM/DD'),3700,null);
Insert into PC05.MEMBER (MEM_ID,MEM_PASS,MEM_NAME,MEM_REGNO1,MEM_REGNO2,MEM_BIR,MEM_ZIP,MEM_ADD1,MEM_ADD2,MEM_HOMETEL,MEM_COMTEL,MEM_HP,MEM_MAIL,MEM_JOB,MEM_LIKE,MEM_MEMORIAL,MEM_MEMORIALDAY,MEM_MILEAGE,MEM_DELETE) values ('l001','12345678','구길동','881214','1234566',to_date('88/12/14','YY/MM/DD'),'339-841','충남금산군 금산읍',' 하리35-322','0412-322-8865','0412-322-8865','016-322-8865','email815@hanmail.co.kr','자영업','바둑','결혼기념일',to_date('99/12/12','YY/MM/DD'),5300,null);
Insert into PC05.MEMBER (MEM_ID,MEM_PASS,MEM_NAME,MEM_REGNO1,MEM_REGNO2,MEM_BIR,MEM_ZIP,MEM_ADD1,MEM_ADD2,MEM_HOMETEL,MEM_COMTEL,MEM_HP,MEM_MAIL,MEM_JOB,MEM_LIKE,MEM_MEMORIAL,MEM_MEMORIALDAY,MEM_MILEAGE,MEM_DELETE) values ('m001','pass','박지은','750315','2555555',to_date('75/03/15','YY/MM/DD'),'306-702','대전광역시 서구 갈마동','인성아파트 234동 907호','042-252-0675','042-252-0675','016-252-0675','happy@hanmail.net','은행원','등산','아버님생신',to_date('99/12/12','YY/MM/DD'),1300,null);
Insert into PC05.MEMBER (MEM_ID,MEM_PASS,MEM_NAME,MEM_REGNO1,MEM_REGNO2,MEM_BIR,MEM_ZIP,MEM_ADD1,MEM_ADD2,MEM_HOMETEL,MEM_COMTEL,MEM_HP,MEM_MAIL,MEM_JOB,MEM_LIKE,MEM_MEMORIAL,MEM_MEMORIALDAY,MEM_MILEAGE,MEM_DELETE) values ('n001','1111','탁원재','750323','1011014',to_date('75/03/23','YY/MM/DD'),'306-702','대전시 동구 자양동','32-23','042-632-2176','042-632-2176','019-632-2176','ping75@unitel.co.kr','축산업','낚시','결혼기념일',to_date('99/02/12','YY/MM/DD'),2700,null);
Insert into PC05.MEMBER (MEM_ID,MEM_PASS,MEM_NAME,MEM_REGNO1,MEM_REGNO2,MEM_BIR,MEM_ZIP,MEM_ADD1,MEM_ADD2,MEM_HOMETEL,MEM_COMTEL,MEM_HP,MEM_MAIL,MEM_JOB,MEM_LIKE,MEM_MEMORIAL,MEM_MEMORIALDAY,MEM_MILEAGE,MEM_DELETE) values ('o001','0909','배인정','780930','2447619',to_date('78/09/30','YY/MM/DD'),'306-702','대전시 서구 갈마동','경성아파트502동1101호','042-622-5971','042-622-5971','011-622-5971','tar-song@hanmail.net','회사원','등산','어머님생신',to_date('99/03/12','YY/MM/DD'),2600,null);
Insert into PC05.MEMBER (MEM_ID,MEM_PASS,MEM_NAME,MEM_REGNO1,MEM_REGNO2,MEM_BIR,MEM_ZIP,MEM_ADD1,MEM_ADD2,MEM_HOMETEL,MEM_COMTEL,MEM_HP,MEM_MAIL,MEM_JOB,MEM_LIKE,MEM_MEMORIAL,MEM_MEMORIALDAY,MEM_MILEAGE,MEM_DELETE) values ('p001','sahra3','오성순','730805','2458323',to_date('73/08/05','YY/MM/DD'),'306-702','대전유성구송강동','한솔아파트 703동 407호','042-810-7658','042-810-7658','017-810-7658','sahra235@intz.com','공무원','독서','남편생일',to_date('99/05/12','YY/MM/DD'),2200,null);
Insert into PC05.MEMBER (MEM_ID,MEM_PASS,MEM_NAME,MEM_REGNO1,MEM_REGNO2,MEM_BIR,MEM_ZIP,MEM_ADD1,MEM_ADD2,MEM_HOMETEL,MEM_COMTEL,MEM_HP,MEM_MAIL,MEM_JOB,MEM_LIKE,MEM_MEMORIAL,MEM_MEMORIALDAY,MEM_MILEAGE,MEM_DELETE) values ('q001','0000','육평회','721020','1402722',to_date('72/10/20','YY/MM/DD'),'306-702','대구광역시 대덕구 중리동','678-43','042-823-2359','042-823-2359','017-823-2359','kph@hanmail.net','자영업','만화','결혼기념일',to_date('99/06/12','YY/MM/DD'),1500,null);
Insert into PC05.MEMBER (MEM_ID,MEM_PASS,MEM_NAME,MEM_REGNO1,MEM_REGNO2,MEM_BIR,MEM_ZIP,MEM_ADD1,MEM_ADD2,MEM_HOMETEL,MEM_COMTEL,MEM_HP,MEM_MAIL,MEM_JOB,MEM_LIKE,MEM_MEMORIAL,MEM_MEMORIALDAY,MEM_MILEAGE,MEM_DELETE) values ('r001','park1005','정은실','770120','2382532',to_date('76/11/26','YY/MM/DD'),'306-702','대전시 동구 용전동','321-25','042-533-8768','042-533-8768','016-533-8768','econie@hanmail.net','학생','장기','어머님생신',to_date('99/07/12','YY/MM/DD'),700,null);
Insert into PC05.MEMBER (MEM_ID,MEM_PASS,MEM_NAME,MEM_REGNO1,MEM_REGNO2,MEM_BIR,MEM_ZIP,MEM_ADD1,MEM_ADD2,MEM_HOMETEL,MEM_COMTEL,MEM_HP,MEM_MAIL,MEM_JOB,MEM_LIKE,MEM_MEMORIAL,MEM_MEMORIALDAY,MEM_MILEAGE,MEM_DELETE) values ('s001','0819','안은정','770819','2459927',to_date('77/10/01','YY/MM/DD'),'306-702','대구광역시 서구 탄방동','산호아파트 107동 802호','042-222-8155','042-222-8155','019-222-8155','songej@hanmail.net','공무원','바둑','결혼기념일',to_date('99/07/12','YY/MM/DD'),3200,null);
Insert into PC05.MEMBER (MEM_ID,MEM_PASS,MEM_NAME,MEM_REGNO1,MEM_REGNO2,MEM_BIR,MEM_ZIP,MEM_ADD1,MEM_ADD2,MEM_HOMETEL,MEM_COMTEL,MEM_HP,MEM_MAIL,MEM_JOB,MEM_LIKE,MEM_MEMORIAL,MEM_MEMORIALDAY,MEM_MILEAGE,MEM_DELETE) values ('t001','0506','성원태','760506','1454731',to_date('76/05/06','YY/MM/DD'),'306-702','대전광역시 중구 유천동','한사랑아파트 302동 504호','042-272-8657','042-272-8657','011-272-8657','bob6@hanmail.net','학생','카레이싱','결혼기념일',to_date('99/08/12','YY/MM/DD'),2200,null);
Insert into PC05.MEMBER (MEM_ID,MEM_PASS,MEM_NAME,MEM_REGNO1,MEM_REGNO2,MEM_BIR,MEM_ZIP,MEM_ADD1,MEM_ADD2,MEM_HOMETEL,MEM_COMTEL,MEM_HP,MEM_MAIL,MEM_JOB,MEM_LIKE,MEM_MEMORIAL,MEM_MEMORIALDAY,MEM_MILEAGE,MEM_DELETE) values ('u001','1000','김성욱','731010','1460111',to_date('73/10/10','YY/MM/DD'),'306-702','대전시 동구 용전동','76-54','042-273-9056','042-273-9056','018-273-9056','pss576@orgio.net','주부','영화감상','결혼기념일',to_date('99/07/12','YY/MM/DD'),2700,null);
Insert into PC05.MEMBER (MEM_ID,MEM_PASS,MEM_NAME,MEM_REGNO1,MEM_REGNO2,MEM_BIR,MEM_ZIP,MEM_ADD1,MEM_ADD2,MEM_HOMETEL,MEM_COMTEL,MEM_HP,MEM_MAIL,MEM_JOB,MEM_LIKE,MEM_MEMORIAL,MEM_MEMORIALDAY,MEM_MILEAGE,MEM_DELETE) values ('v001','00001111','이진영','520131','2402712',to_date('52/01/31','YY/MM/DD'),'306-702','대전시 동구 용전동','566-39번지','042-240-8766','042-240-8766','017-240-8766','gagsong@orgio.net','자영업','낚시','남편생일',to_date('99/09/12','YY/MM/DD'),4300,null);
Insert into PC05.MEMBER (MEM_ID,MEM_PASS,MEM_NAME,MEM_REGNO1,MEM_REGNO2,MEM_BIR,MEM_ZIP,MEM_ADD1,MEM_ADD2,MEM_HOMETEL,MEM_COMTEL,MEM_HP,MEM_MAIL,MEM_JOB,MEM_LIKE,MEM_MEMORIAL,MEM_MEMORIALDAY,MEM_MILEAGE,MEM_DELETE) values ('w001','12341234','김형모','631213','1111111',to_date('63/12/13','YY/MM/DD'),'306-702','대전시 대덕구 연축동','23-43','02-345-9877','02-345-9877','011-345-9877','songone@hanmail.net','학생','등산','결혼기념일',to_date('99/11/12','YY/MM/DD'),2700,null);
Insert into PC05.MEMBER (MEM_ID,MEM_PASS,MEM_NAME,MEM_REGNO1,MEM_REGNO2,MEM_BIR,MEM_ZIP,MEM_ADD1,MEM_ADD2,MEM_HOMETEL,MEM_COMTEL,MEM_HP,MEM_MAIL,MEM_JOB,MEM_LIKE,MEM_MEMORIAL,MEM_MEMORIALDAY,MEM_MILEAGE,MEM_DELETE) values ('x001','0000','진현경','770319','2110222',to_date('77/03/19','YY/MM/DD'),'306-702','대전광역시 동구 오정동','43-26','042-223-8767','042-223-8767','019-223-8767','happysong@hanmail.net','주부','독서','결혼기념일',to_date('99/02/12','YY/MM/DD'),8700,null);
REM INSERTING into PC05.NO_EXISTS_TABLE
SET DEFINE OFF;
REM INSERTING into PC05.PROD
SET DEFINE OFF;
Insert into PC05.PROD (PROD_ID,PROD_NAME,PROD_LGU,PROD_BUYER,PROD_COST,PROD_PRICE,PROD_SALE,PROD_OUTLINE,PROD_IMG,PROD_TOTALSTOCK,PROD_INSDATE,PROD_PROPERSTOCK,PROD_SIZE,PROD_COLOR,PROD_DELIVERY,PROD_UNIT,PROD_QTYIN,PROD_QTYSALE,PROD_MILEAGE) values ('P101000001','모니터 삼성전자15인치칼라','P101','P10101',210000,290000,230000,'평면모니터의 기적','P101000001.gif',0,to_date('05/01/10','YY/MM/DD'),33,'15인치',null,'파손 주의','EA',0,0,null);
Insert into PC05.PROD (PROD_ID,PROD_NAME,PROD_LGU,PROD_BUYER,PROD_COST,PROD_PRICE,PROD_SALE,PROD_OUTLINE,PROD_IMG,PROD_TOTALSTOCK,PROD_INSDATE,PROD_PROPERSTOCK,PROD_SIZE,PROD_COLOR,PROD_DELIVERY,PROD_UNIT,PROD_QTYIN,PROD_QTYSALE,PROD_MILEAGE) values ('P101000002','모니터 삼성전자17인치칼라','P101','P10101',310000,390000,330000,'평면모니터의 기적','P101000002.gif',0,to_date('05/01/10','YY/MM/DD'),23,'17인치',null,'파손 주의','EA',0,0,null);
Insert into PC05.PROD (PROD_ID,PROD_NAME,PROD_LGU,PROD_BUYER,PROD_COST,PROD_PRICE,PROD_SALE,PROD_OUTLINE,PROD_IMG,PROD_TOTALSTOCK,PROD_INSDATE,PROD_PROPERSTOCK,PROD_SIZE,PROD_COLOR,PROD_DELIVERY,PROD_UNIT,PROD_QTYIN,PROD_QTYSALE,PROD_MILEAGE) values ('P101000003','모니터 삼성전자19인치칼라','P101','P10101',410000,490000,430000,'평면모니터의 기적','P101000003.gif',0,to_date('05/01/10','YY/MM/DD'),15,'19인치',null,'파손 주의','EA',0,0,null);
Insert into PC05.PROD (PROD_ID,PROD_NAME,PROD_LGU,PROD_BUYER,PROD_COST,PROD_PRICE,PROD_SALE,PROD_OUTLINE,PROD_IMG,PROD_TOTALSTOCK,PROD_INSDATE,PROD_PROPERSTOCK,PROD_SIZE,PROD_COLOR,PROD_DELIVERY,PROD_UNIT,PROD_QTYIN,PROD_QTYSALE,PROD_MILEAGE) values ('P101000004','삼보컴퓨터 P-III 600Mhz','P101','P10102',1150000,1780000,1330000,'쉬운 인터넷을.....','P101000004.gif',0,to_date('05/02/08','YY/MM/DD'),22,null,null,'파손 주의','EA',0,0,null);
Insert into PC05.PROD (PROD_ID,PROD_NAME,PROD_LGU,PROD_BUYER,PROD_COST,PROD_PRICE,PROD_SALE,PROD_OUTLINE,PROD_IMG,PROD_TOTALSTOCK,PROD_INSDATE,PROD_PROPERSTOCK,PROD_SIZE,PROD_COLOR,PROD_DELIVERY,PROD_UNIT,PROD_QTYIN,PROD_QTYSALE,PROD_MILEAGE) values ('P101000005','삼보컴퓨터 P-III 700Mhz','P101','P10102',2150000,2780000,2330000,'쉬운 인터넷을.....','P101000005.gif',0,to_date('05/02/08','YY/MM/DD'),31,null,null,'파손 주의','EA',0,0,null);
Insert into PC05.PROD (PROD_ID,PROD_NAME,PROD_LGU,PROD_BUYER,PROD_COST,PROD_PRICE,PROD_SALE,PROD_OUTLINE,PROD_IMG,PROD_TOTALSTOCK,PROD_INSDATE,PROD_PROPERSTOCK,PROD_SIZE,PROD_COLOR,PROD_DELIVERY,PROD_UNIT,PROD_QTYIN,PROD_QTYSALE,PROD_MILEAGE) values ('P101000006','삼보컴퓨터 P-III 800Mhz','P101','P10102',3150000,3780000,3330000,'쉬운 인터넷을.....','P101000006.gif',0,to_date('05/02/08','YY/MM/DD'),17,null,null,'파손 주의','EA',0,0,null);
Insert into PC05.PROD (PROD_ID,PROD_NAME,PROD_LGU,PROD_BUYER,PROD_COST,PROD_PRICE,PROD_SALE,PROD_OUTLINE,PROD_IMG,PROD_TOTALSTOCK,PROD_INSDATE,PROD_PROPERSTOCK,PROD_SIZE,PROD_COLOR,PROD_DELIVERY,PROD_UNIT,PROD_QTYIN,PROD_QTYSALE,PROD_MILEAGE) values ('P102000001','대우 칼라 TV 25인치','P102','P10201',690000,820000,720000,'집안에 영화관을.....','P102000001.gif',0,to_date('05/02/22','YY/MM/DD'),53,'25인치','흑색','파손 주의','EA',0,0,null);
Insert into PC05.PROD (PROD_ID,PROD_NAME,PROD_LGU,PROD_BUYER,PROD_COST,PROD_PRICE,PROD_SALE,PROD_OUTLINE,PROD_IMG,PROD_TOTALSTOCK,PROD_INSDATE,PROD_PROPERSTOCK,PROD_SIZE,PROD_COLOR,PROD_DELIVERY,PROD_UNIT,PROD_QTYIN,PROD_QTYSALE,PROD_MILEAGE) values ('P102000002','대우 칼라 TV 29인치','P102','P10201',890000,1020000,920000,'집안에 영화관을.....','P102000002.gif',0,to_date('05/02/22','YY/MM/DD'),21,'29인치','흑색','파손 주의','EA',0,0,null);
Insert into PC05.PROD (PROD_ID,PROD_NAME,PROD_LGU,PROD_BUYER,PROD_COST,PROD_PRICE,PROD_SALE,PROD_OUTLINE,PROD_IMG,PROD_TOTALSTOCK,PROD_INSDATE,PROD_PROPERSTOCK,PROD_SIZE,PROD_COLOR,PROD_DELIVERY,PROD_UNIT,PROD_QTYIN,PROD_QTYSALE,PROD_MILEAGE) values ('P102000003','삼성 칼라 TV 21인치','P102','P10202',590000,720000,620000,'집안에 영화관을.....','P102000003.gif',0,to_date('05/01/22','YY/MM/DD'),11,'21인치','은색','파손 주의','EA',0,0,null);
Insert into PC05.PROD (PROD_ID,PROD_NAME,PROD_LGU,PROD_BUYER,PROD_COST,PROD_PRICE,PROD_SALE,PROD_OUTLINE,PROD_IMG,PROD_TOTALSTOCK,PROD_INSDATE,PROD_PROPERSTOCK,PROD_SIZE,PROD_COLOR,PROD_DELIVERY,PROD_UNIT,PROD_QTYIN,PROD_QTYSALE,PROD_MILEAGE) values ('P102000004','삼성 칼라 TV 29인치','P102','P10202',990000,1120000,1020000,'집안에 영화관을.....','P102000004.gif',0,to_date('05/01/22','YY/MM/DD'),19,'29인치','은색','파손 주의','EA',0,0,null);
Insert into PC05.PROD (PROD_ID,PROD_NAME,PROD_LGU,PROD_BUYER,PROD_COST,PROD_PRICE,PROD_SALE,PROD_OUTLINE,PROD_IMG,PROD_TOTALSTOCK,PROD_INSDATE,PROD_PROPERSTOCK,PROD_SIZE,PROD_COLOR,PROD_DELIVERY,PROD_UNIT,PROD_QTYIN,PROD_QTYSALE,PROD_MILEAGE) values ('P102000005','삼성 칼라 TV 53인치','P102','P10202',1990000,2120000,2020000,'집안에 영화관을.....','P102000005.gif',0,to_date('05/01/22','YY/MM/DD'),8,'53인치','은색','파손 주의','EA',0,0,null);
Insert into PC05.PROD (PROD_ID,PROD_NAME,PROD_LGU,PROD_BUYER,PROD_COST,PROD_PRICE,PROD_SALE,PROD_OUTLINE,PROD_IMG,PROD_TOTALSTOCK,PROD_INSDATE,PROD_PROPERSTOCK,PROD_SIZE,PROD_COLOR,PROD_DELIVERY,PROD_UNIT,PROD_QTYIN,PROD_QTYSALE,PROD_MILEAGE) values ('P102000006','삼성 캠코더','P102','P10202',660000,880000,770000,'가족과 영화촬영을.....','P102000006.gif',0,to_date('05/02/23','YY/MM/DD'),17,null,null,'파손 주의','EA',0,0,null);
Insert into PC05.PROD (PROD_ID,PROD_NAME,PROD_LGU,PROD_BUYER,PROD_COST,PROD_PRICE,PROD_SALE,PROD_OUTLINE,PROD_IMG,PROD_TOTALSTOCK,PROD_INSDATE,PROD_PROPERSTOCK,PROD_SIZE,PROD_COLOR,PROD_DELIVERY,PROD_UNIT,PROD_QTYIN,PROD_QTYSALE,PROD_MILEAGE) values ('P102000007','대우 VTR 6헤드','P102','P10201',550000,760000,610000,'선명한 화질','P102000007.gif',0,to_date('05/01/23','YY/MM/DD'),36,null,null,'파손 주의','EA',0,0,null);
Insert into PC05.PROD (PROD_ID,PROD_NAME,PROD_LGU,PROD_BUYER,PROD_COST,PROD_PRICE,PROD_SALE,PROD_OUTLINE,PROD_IMG,PROD_TOTALSTOCK,PROD_INSDATE,PROD_PROPERSTOCK,PROD_SIZE,PROD_COLOR,PROD_DELIVERY,PROD_UNIT,PROD_QTYIN,PROD_QTYSALE,PROD_MILEAGE) values ('P201000001','여성 봄 셔츠 1','P201','P20101',21000,42000,27000,'파릇한 봄을 위한','P201000001.gif',0,to_date('05/01/09','YY/MM/DD'),9,'s','청색','세탁 주의','EA',0,0,null);
Insert into PC05.PROD (PROD_ID,PROD_NAME,PROD_LGU,PROD_BUYER,PROD_COST,PROD_PRICE,PROD_SALE,PROD_OUTLINE,PROD_IMG,PROD_TOTALSTOCK,PROD_INSDATE,PROD_PROPERSTOCK,PROD_SIZE,PROD_COLOR,PROD_DELIVERY,PROD_UNIT,PROD_QTYIN,PROD_QTYSALE,PROD_MILEAGE) values ('P201000002','여성 봄 셔츠 2','P201','P20101',22000,43000,28000,'파릇한 봄을 위한','P201000002.gif',0,to_date('05/01/09','YY/MM/DD'),9,'M','흰색','세탁 주의','EA',0,0,null);
Insert into PC05.PROD (PROD_ID,PROD_NAME,PROD_LGU,PROD_BUYER,PROD_COST,PROD_PRICE,PROD_SALE,PROD_OUTLINE,PROD_IMG,PROD_TOTALSTOCK,PROD_INSDATE,PROD_PROPERSTOCK,PROD_SIZE,PROD_COLOR,PROD_DELIVERY,PROD_UNIT,PROD_QTYIN,PROD_QTYSALE,PROD_MILEAGE) values ('P201000003','여성 봄 셔츠 3','P201','P20101',23000,44000,29000,'파릇한 봄을 위한','P201000003.gif',0,to_date('05/01/09','YY/MM/DD'),9,'L','감색','세탁 주의','EA',0,0,null);
Insert into PC05.PROD (PROD_ID,PROD_NAME,PROD_LGU,PROD_BUYER,PROD_COST,PROD_PRICE,PROD_SALE,PROD_OUTLINE,PROD_IMG,PROD_TOTALSTOCK,PROD_INSDATE,PROD_PROPERSTOCK,PROD_SIZE,PROD_COLOR,PROD_DELIVERY,PROD_UNIT,PROD_QTYIN,PROD_QTYSALE,PROD_MILEAGE) values ('P201000004','여성 여름 셔츠 1','P201','P20101',12000,21000,25000,'시원한 여름을 위한','P201000004.gif',0,to_date('05/01/11','YY/MM/DD'),9,'s','청색','세탁 주의','EA',0,0,null);
Insert into PC05.PROD (PROD_ID,PROD_NAME,PROD_LGU,PROD_BUYER,PROD_COST,PROD_PRICE,PROD_SALE,PROD_OUTLINE,PROD_IMG,PROD_TOTALSTOCK,PROD_INSDATE,PROD_PROPERSTOCK,PROD_SIZE,PROD_COLOR,PROD_DELIVERY,PROD_UNIT,PROD_QTYIN,PROD_QTYSALE,PROD_MILEAGE) values ('P201000005','여성 여름 셔츠 2','P201','P20101',13000,22000,26000,'시원한 여름을 위한','P201000005.gif',0,to_date('05/01/11','YY/MM/DD'),9,'M','흰색','세탁 주의','EA',0,0,null);
Insert into PC05.PROD (PROD_ID,PROD_NAME,PROD_LGU,PROD_BUYER,PROD_COST,PROD_PRICE,PROD_SALE,PROD_OUTLINE,PROD_IMG,PROD_TOTALSTOCK,PROD_INSDATE,PROD_PROPERSTOCK,PROD_SIZE,PROD_COLOR,PROD_DELIVERY,PROD_UNIT,PROD_QTYIN,PROD_QTYSALE,PROD_MILEAGE) values ('P201000006','여성 여름 셔츠 3','P201','P20101',14000,23000,27000,'시원한 여름을 위한','P201000006.gif',0,to_date('05/01/11','YY/MM/DD'),9,'L','감색','세탁 주의','EA',0,0,null);
Insert into PC05.PROD (PROD_ID,PROD_NAME,PROD_LGU,PROD_BUYER,PROD_COST,PROD_PRICE,PROD_SALE,PROD_OUTLINE,PROD_IMG,PROD_TOTALSTOCK,PROD_INSDATE,PROD_PROPERSTOCK,PROD_SIZE,PROD_COLOR,PROD_DELIVERY,PROD_UNIT,PROD_QTYIN,PROD_QTYSALE,PROD_MILEAGE) values ('P201000007','여성 겨울 라운드 셔츠 1','P201','P20101',31000,45000,33000,'따뜻한 겨울을 위한','P201000007.gif',0,to_date('05/01/25','YY/MM/DD'),9,'s','청색','세탁 주의','EA',0,0,null);
Insert into PC05.PROD (PROD_ID,PROD_NAME,PROD_LGU,PROD_BUYER,PROD_COST,PROD_PRICE,PROD_SALE,PROD_OUTLINE,PROD_IMG,PROD_TOTALSTOCK,PROD_INSDATE,PROD_PROPERSTOCK,PROD_SIZE,PROD_COLOR,PROD_DELIVERY,PROD_UNIT,PROD_QTYIN,PROD_QTYSALE,PROD_MILEAGE) values ('P201000008','여성 겨울 라운드 셔츠 2','P201','P20101',32000,46000,34000,'따뜻한 겨울을 위한','P201000008.gif',0,to_date('05/01/25','YY/MM/DD'),9,'M','흰색','세탁 주의','EA',0,0,null);
Insert into PC05.PROD (PROD_ID,PROD_NAME,PROD_LGU,PROD_BUYER,PROD_COST,PROD_PRICE,PROD_SALE,PROD_OUTLINE,PROD_IMG,PROD_TOTALSTOCK,PROD_INSDATE,PROD_PROPERSTOCK,PROD_SIZE,PROD_COLOR,PROD_DELIVERY,PROD_UNIT,PROD_QTYIN,PROD_QTYSALE,PROD_MILEAGE) values ('P201000009','여성 겨울 라운드 셔츠 3','P201','P20101',33000,47000,35000,'따뜻한 겨울을 위한','P201000009.gif',0,to_date('05/01/25','YY/MM/DD'),9,'L','감색','세탁 주의','EA',0,0,null);
Insert into PC05.PROD (PROD_ID,PROD_NAME,PROD_LGU,PROD_BUYER,PROD_COST,PROD_PRICE,PROD_SALE,PROD_OUTLINE,PROD_IMG,PROD_TOTALSTOCK,PROD_INSDATE,PROD_PROPERSTOCK,PROD_SIZE,PROD_COLOR,PROD_DELIVERY,PROD_UNIT,PROD_QTYIN,PROD_QTYSALE,PROD_MILEAGE) values ('P201000010','여성 청바지 1','P201','P20102',55000,66000,57000,'편리한 활동파를 위한','P201000010.gif',0,to_date('05/01/31','YY/MM/DD'),38,'30',null,'세탁 주의','EA',0,0,null);
Insert into PC05.PROD (PROD_ID,PROD_NAME,PROD_LGU,PROD_BUYER,PROD_COST,PROD_PRICE,PROD_SALE,PROD_OUTLINE,PROD_IMG,PROD_TOTALSTOCK,PROD_INSDATE,PROD_PROPERSTOCK,PROD_SIZE,PROD_COLOR,PROD_DELIVERY,PROD_UNIT,PROD_QTYIN,PROD_QTYSALE,PROD_MILEAGE) values ('P201000011','여성 청바지 2','P201','P20102',56000,67000,58000,'편리한 활동파를 위한','P201000011.gif',0,to_date('05/01/31','YY/MM/DD'),35,'32',null,'세탁 주의','EA',0,0,null);
Insert into PC05.PROD (PROD_ID,PROD_NAME,PROD_LGU,PROD_BUYER,PROD_COST,PROD_PRICE,PROD_SALE,PROD_OUTLINE,PROD_IMG,PROD_TOTALSTOCK,PROD_INSDATE,PROD_PROPERSTOCK,PROD_SIZE,PROD_COLOR,PROD_DELIVERY,PROD_UNIT,PROD_QTYIN,PROD_QTYSALE,PROD_MILEAGE) values ('P201000012','여성 청바지 3','P201','P20102',57000,68000,59000,'편리한 활동파를 위한','P201000012.gif',0,to_date('05/01/31','YY/MM/DD'),33,'34',null,'세탁 주의','EA',0,0,null);
Insert into PC05.PROD (PROD_ID,PROD_NAME,PROD_LGU,PROD_BUYER,PROD_COST,PROD_PRICE,PROD_SALE,PROD_OUTLINE,PROD_IMG,PROD_TOTALSTOCK,PROD_INSDATE,PROD_PROPERSTOCK,PROD_SIZE,PROD_COLOR,PROD_DELIVERY,PROD_UNIT,PROD_QTYIN,PROD_QTYSALE,PROD_MILEAGE) values ('P201000013','여성 봄 자켓 1','P201','P20101',110000,210000,170000,'편리한 활동파의 봄을 위한','P201000013.gif',0,to_date('05/02/18','YY/MM/DD'),16,'66','청색','세탁 주의','EA',0,0,null);
Insert into PC05.PROD (PROD_ID,PROD_NAME,PROD_LGU,PROD_BUYER,PROD_COST,PROD_PRICE,PROD_SALE,PROD_OUTLINE,PROD_IMG,PROD_TOTALSTOCK,PROD_INSDATE,PROD_PROPERSTOCK,PROD_SIZE,PROD_COLOR,PROD_DELIVERY,PROD_UNIT,PROD_QTYIN,PROD_QTYSALE,PROD_MILEAGE) values ('P201000014','여성 봄 자켓 2','P201','P20101',120000,220000,180000,'편리한 활동파의 봄을 위한','P201000014.gif',0,to_date('05/02/18','YY/MM/DD'),18,'77','흰색','세탁 주의','EA',0,0,null);
Insert into PC05.PROD (PROD_ID,PROD_NAME,PROD_LGU,PROD_BUYER,PROD_COST,PROD_PRICE,PROD_SALE,PROD_OUTLINE,PROD_IMG,PROD_TOTALSTOCK,PROD_INSDATE,PROD_PROPERSTOCK,PROD_SIZE,PROD_COLOR,PROD_DELIVERY,PROD_UNIT,PROD_QTYIN,PROD_QTYSALE,PROD_MILEAGE) values ('P201000015','여성 봄 자켓 3','P201','P20101',130000,230000,190000,'편리한 활동파의 봄을 위한','P201000015.gif',0,to_date('05/02/18','YY/MM/DD'),17,'88','감색','세탁 주의','EA',0,0,null);
Insert into PC05.PROD (PROD_ID,PROD_NAME,PROD_LGU,PROD_BUYER,PROD_COST,PROD_PRICE,PROD_SALE,PROD_OUTLINE,PROD_IMG,PROD_TOTALSTOCK,PROD_INSDATE,PROD_PROPERSTOCK,PROD_SIZE,PROD_COLOR,PROD_DELIVERY,PROD_UNIT,PROD_QTYIN,PROD_QTYSALE,PROD_MILEAGE) values ('P201000016','여성 여름 자켓 1','P201','P20102',100000,160000,130000,'편리한 활동파의 여름을 위한','P201000016.gif',0,to_date('05/02/21','YY/MM/DD'),12,'66','청색','세탁 주의','EA',0,0,null);
Insert into PC05.PROD (PROD_ID,PROD_NAME,PROD_LGU,PROD_BUYER,PROD_COST,PROD_PRICE,PROD_SALE,PROD_OUTLINE,PROD_IMG,PROD_TOTALSTOCK,PROD_INSDATE,PROD_PROPERSTOCK,PROD_SIZE,PROD_COLOR,PROD_DELIVERY,PROD_UNIT,PROD_QTYIN,PROD_QTYSALE,PROD_MILEAGE) values ('P201000017','여성 여름 자켓 2','P201','P20102',110000,170000,140000,'편리한 활동파의 여름을 위한','P201000017.gif',0,to_date('05/02/21','YY/MM/DD'),21,'77','흰색','세탁 주의','EA',0,0,null);
Insert into PC05.PROD (PROD_ID,PROD_NAME,PROD_LGU,PROD_BUYER,PROD_COST,PROD_PRICE,PROD_SALE,PROD_OUTLINE,PROD_IMG,PROD_TOTALSTOCK,PROD_INSDATE,PROD_PROPERSTOCK,PROD_SIZE,PROD_COLOR,PROD_DELIVERY,PROD_UNIT,PROD_QTYIN,PROD_QTYSALE,PROD_MILEAGE) values ('P201000018','여성 여름 자켓 3','P201','P20102',120000,180000,150000,'편리한 활동파의 여름을 위한','P201000018.gif',0,to_date('05/02/21','YY/MM/DD'),11,'77','감색','세탁 주의','EA',0,0,null);
Insert into PC05.PROD (PROD_ID,PROD_NAME,PROD_LGU,PROD_BUYER,PROD_COST,PROD_PRICE,PROD_SALE,PROD_OUTLINE,PROD_IMG,PROD_TOTALSTOCK,PROD_INSDATE,PROD_PROPERSTOCK,PROD_SIZE,PROD_COLOR,PROD_DELIVERY,PROD_UNIT,PROD_QTYIN,PROD_QTYSALE,PROD_MILEAGE) values ('P201000019','여성 겨울 자켓 1','P201','P20102',210000,270000,240000,'편리한 활동파의 따뜻한 겨울을 위한','P201000019.gif',0,to_date('05/02/28','YY/MM/DD'),22,'66','청색','세탁 주의','EA',0,0,null);
Insert into PC05.PROD (PROD_ID,PROD_NAME,PROD_LGU,PROD_BUYER,PROD_COST,PROD_PRICE,PROD_SALE,PROD_OUTLINE,PROD_IMG,PROD_TOTALSTOCK,PROD_INSDATE,PROD_PROPERSTOCK,PROD_SIZE,PROD_COLOR,PROD_DELIVERY,PROD_UNIT,PROD_QTYIN,PROD_QTYSALE,PROD_MILEAGE) values ('P201000020','여성 겨울 자켓 2','P201','P20102',220000,280000,250000,'편리한 활동파의 따뜻한 겨울을 위한','P201000020.gif',0,to_date('05/02/28','YY/MM/DD'),29,'77','흰색','세탁 주의','EA',0,0,null);
Insert into PC05.PROD (PROD_ID,PROD_NAME,PROD_LGU,PROD_BUYER,PROD_COST,PROD_PRICE,PROD_SALE,PROD_OUTLINE,PROD_IMG,PROD_TOTALSTOCK,PROD_INSDATE,PROD_PROPERSTOCK,PROD_SIZE,PROD_COLOR,PROD_DELIVERY,PROD_UNIT,PROD_QTYIN,PROD_QTYSALE,PROD_MILEAGE) values ('P201000021','여성 겨울 자켓 3','P201','P20102',230000,290000,260000,'편리한 활동파의 따뜻한 겨울을 위한','P201000021.gif',0,to_date('05/02/28','YY/MM/DD'),19,'88','감색','세탁 주의','EA',0,0,null);
Insert into PC05.PROD (PROD_ID,PROD_NAME,PROD_LGU,PROD_BUYER,PROD_COST,PROD_PRICE,PROD_SALE,PROD_OUTLINE,PROD_IMG,PROD_TOTALSTOCK,PROD_INSDATE,PROD_PROPERSTOCK,PROD_SIZE,PROD_COLOR,PROD_DELIVERY,PROD_UNIT,PROD_QTYIN,PROD_QTYSALE,PROD_MILEAGE) values ('P202000001','남성 봄 셔츠 1','P202','P20201',10000,19000,15000,'파릇한 봄을 위한','P202000001.gif',0,to_date('05/01/05','YY/MM/DD'),9,'M','청색','세탁 주의','EA',0,0,null);
Insert into PC05.PROD (PROD_ID,PROD_NAME,PROD_LGU,PROD_BUYER,PROD_COST,PROD_PRICE,PROD_SALE,PROD_OUTLINE,PROD_IMG,PROD_TOTALSTOCK,PROD_INSDATE,PROD_PROPERSTOCK,PROD_SIZE,PROD_COLOR,PROD_DELIVERY,PROD_UNIT,PROD_QTYIN,PROD_QTYSALE,PROD_MILEAGE) values ('P202000002','남성 봄 셔츠 2','P202','P20201',13000,22000,18000,'파릇한 봄을 위한','P202000002.gif',0,to_date('05/01/05','YY/MM/DD'),9,'L','흰색','세탁 주의','EA',0,0,null);
Insert into PC05.PROD (PROD_ID,PROD_NAME,PROD_LGU,PROD_BUYER,PROD_COST,PROD_PRICE,PROD_SALE,PROD_OUTLINE,PROD_IMG,PROD_TOTALSTOCK,PROD_INSDATE,PROD_PROPERSTOCK,PROD_SIZE,PROD_COLOR,PROD_DELIVERY,PROD_UNIT,PROD_QTYIN,PROD_QTYSALE,PROD_MILEAGE) values ('P202000003','남성 봄 셔츠 3','P202','P20201',15000,24000,20000,'파릇한 봄을 위한','P202000003.gif',0,to_date('05/01/05','YY/MM/DD'),9,'XL','감색','세탁 주의','EA',0,0,null);
Insert into PC05.PROD (PROD_ID,PROD_NAME,PROD_LGU,PROD_BUYER,PROD_COST,PROD_PRICE,PROD_SALE,PROD_OUTLINE,PROD_IMG,PROD_TOTALSTOCK,PROD_INSDATE,PROD_PROPERSTOCK,PROD_SIZE,PROD_COLOR,PROD_DELIVERY,PROD_UNIT,PROD_QTYIN,PROD_QTYSALE,PROD_MILEAGE) values ('P202000004','남성 여름 셔츠 1','P202','P20201',18000,28000,23000,'시원한 여름을 위한','P202000004.gif',0,to_date('05/02/05','YY/MM/DD'),9,'M','청색','세탁 주의','EA',0,0,null);
Insert into PC05.PROD (PROD_ID,PROD_NAME,PROD_LGU,PROD_BUYER,PROD_COST,PROD_PRICE,PROD_SALE,PROD_OUTLINE,PROD_IMG,PROD_TOTALSTOCK,PROD_INSDATE,PROD_PROPERSTOCK,PROD_SIZE,PROD_COLOR,PROD_DELIVERY,PROD_UNIT,PROD_QTYIN,PROD_QTYSALE,PROD_MILEAGE) values ('P202000005','남성 여름 셔츠 2','P202','P20201',23000,33000,28000,'시원한 여름을 위한','P202000005.gif',0,to_date('05/02/05','YY/MM/DD'),9,'L','흰색','세탁 주의','EA',0,0,null);
Insert into PC05.PROD (PROD_ID,PROD_NAME,PROD_LGU,PROD_BUYER,PROD_COST,PROD_PRICE,PROD_SALE,PROD_OUTLINE,PROD_IMG,PROD_TOTALSTOCK,PROD_INSDATE,PROD_PROPERSTOCK,PROD_SIZE,PROD_COLOR,PROD_DELIVERY,PROD_UNIT,PROD_QTYIN,PROD_QTYSALE,PROD_MILEAGE) values ('P202000006','남성 여름 셔츠 3','P202','P20201',28000,38000,33000,'시원한 여름을 위한','P202000006.gif',0,to_date('05/02/05','YY/MM/DD'),9,'XL','감색','세탁 주의','EA',0,0,null);
Insert into PC05.PROD (PROD_ID,PROD_NAME,PROD_LGU,PROD_BUYER,PROD_COST,PROD_PRICE,PROD_SALE,PROD_OUTLINE,PROD_IMG,PROD_TOTALSTOCK,PROD_INSDATE,PROD_PROPERSTOCK,PROD_SIZE,PROD_COLOR,PROD_DELIVERY,PROD_UNIT,PROD_QTYIN,PROD_QTYSALE,PROD_MILEAGE) values ('P202000007','남성 겨울 라운드 셔츠 1','P202','P20201',25000,42000,31000,'따뜻한 겨울을 위한','P202000007.gif',0,to_date('05/01/13','YY/MM/DD'),9,'M','청색','세탁 주의','EA',0,0,null);
Insert into PC05.PROD (PROD_ID,PROD_NAME,PROD_LGU,PROD_BUYER,PROD_COST,PROD_PRICE,PROD_SALE,PROD_OUTLINE,PROD_IMG,PROD_TOTALSTOCK,PROD_INSDATE,PROD_PROPERSTOCK,PROD_SIZE,PROD_COLOR,PROD_DELIVERY,PROD_UNIT,PROD_QTYIN,PROD_QTYSALE,PROD_MILEAGE) values ('P202000008','남성 겨울 라운드 셔츠 2','P202','P20201',27000,43000,33000,'따뜻한 겨울을 위한','P202000008.gif',0,to_date('05/01/13','YY/MM/DD'),9,'L','흰색','세탁 주의','EA',0,0,null);
Insert into PC05.PROD (PROD_ID,PROD_NAME,PROD_LGU,PROD_BUYER,PROD_COST,PROD_PRICE,PROD_SALE,PROD_OUTLINE,PROD_IMG,PROD_TOTALSTOCK,PROD_INSDATE,PROD_PROPERSTOCK,PROD_SIZE,PROD_COLOR,PROD_DELIVERY,PROD_UNIT,PROD_QTYIN,PROD_QTYSALE,PROD_MILEAGE) values ('P202000009','남성 겨울 라운드 셔츠 3','P202','P20201',28500,44000,35000,'따뜻한 겨울을 위한','P202000009.gif',0,to_date('05/01/13','YY/MM/DD'),9,'XL','감색','세탁 주의','EA',0,0,null);
Insert into PC05.PROD (PROD_ID,PROD_NAME,PROD_LGU,PROD_BUYER,PROD_COST,PROD_PRICE,PROD_SALE,PROD_OUTLINE,PROD_IMG,PROD_TOTALSTOCK,PROD_INSDATE,PROD_PROPERSTOCK,PROD_SIZE,PROD_COLOR,PROD_DELIVERY,PROD_UNIT,PROD_QTYIN,PROD_QTYSALE,PROD_MILEAGE) values ('P202000010','남성 청바지 1','P202','P20202',55000,66000,58000,'편리한 활동파를 위한','P202000010.gif',0,to_date('05/01/16','YY/MM/DD'),38,'30',null,'세탁 주의','EA',0,0,null);
Insert into PC05.PROD (PROD_ID,PROD_NAME,PROD_LGU,PROD_BUYER,PROD_COST,PROD_PRICE,PROD_SALE,PROD_OUTLINE,PROD_IMG,PROD_TOTALSTOCK,PROD_INSDATE,PROD_PROPERSTOCK,PROD_SIZE,PROD_COLOR,PROD_DELIVERY,PROD_UNIT,PROD_QTYIN,PROD_QTYSALE,PROD_MILEAGE) values ('P202000011','남성 청바지 2','P202','P20202',55000,66000,58000,'편리한 활동파를 위한','P202000011.gif',0,to_date('05/01/16','YY/MM/DD'),35,'32',null,'세탁 주의','EA',0,0,null);
Insert into PC05.PROD (PROD_ID,PROD_NAME,PROD_LGU,PROD_BUYER,PROD_COST,PROD_PRICE,PROD_SALE,PROD_OUTLINE,PROD_IMG,PROD_TOTALSTOCK,PROD_INSDATE,PROD_PROPERSTOCK,PROD_SIZE,PROD_COLOR,PROD_DELIVERY,PROD_UNIT,PROD_QTYIN,PROD_QTYSALE,PROD_MILEAGE) values ('P202000012','남성 청바지 3','P202','P20202',55000,66000,58000,'편리한 활동파를 위한','P202000012.gif',0,to_date('05/01/16','YY/MM/DD'),33,'34',null,'세탁 주의','EA',0,0,null);
Insert into PC05.PROD (PROD_ID,PROD_NAME,PROD_LGU,PROD_BUYER,PROD_COST,PROD_PRICE,PROD_SALE,PROD_OUTLINE,PROD_IMG,PROD_TOTALSTOCK,PROD_INSDATE,PROD_PROPERSTOCK,PROD_SIZE,PROD_COLOR,PROD_DELIVERY,PROD_UNIT,PROD_QTYIN,PROD_QTYSALE,PROD_MILEAGE) values ('P202000013','남성 봄 자켓 1','P202','P20201',110000,230000,150000,'편리한 활동파의 봄을 위한','P202000013.gif',0,to_date('05/02/17','YY/MM/DD'),16,'M','청색','세탁 주의','EA',0,0,null);
Insert into PC05.PROD (PROD_ID,PROD_NAME,PROD_LGU,PROD_BUYER,PROD_COST,PROD_PRICE,PROD_SALE,PROD_OUTLINE,PROD_IMG,PROD_TOTALSTOCK,PROD_INSDATE,PROD_PROPERSTOCK,PROD_SIZE,PROD_COLOR,PROD_DELIVERY,PROD_UNIT,PROD_QTYIN,PROD_QTYSALE,PROD_MILEAGE) values ('P202000014','남성 봄 자켓 2','P202','P20201',120000,230000,160000,'편리한 활동파의 봄을 위한','P202000014.gif',0,to_date('05/02/17','YY/MM/DD'),18,'L','흰색','세탁 주의','EA',0,0,null);
Insert into PC05.PROD (PROD_ID,PROD_NAME,PROD_LGU,PROD_BUYER,PROD_COST,PROD_PRICE,PROD_SALE,PROD_OUTLINE,PROD_IMG,PROD_TOTALSTOCK,PROD_INSDATE,PROD_PROPERSTOCK,PROD_SIZE,PROD_COLOR,PROD_DELIVERY,PROD_UNIT,PROD_QTYIN,PROD_QTYSALE,PROD_MILEAGE) values ('P202000015','남성 봄 자켓 3','P202','P20201',130000,230000,170000,'편리한 활동파의 봄을 위한','P202000015.gif',0,to_date('05/02/17','YY/MM/DD'),17,'XL','감색','세탁 주의','EA',0,0,null);
Insert into PC05.PROD (PROD_ID,PROD_NAME,PROD_LGU,PROD_BUYER,PROD_COST,PROD_PRICE,PROD_SALE,PROD_OUTLINE,PROD_IMG,PROD_TOTALSTOCK,PROD_INSDATE,PROD_PROPERSTOCK,PROD_SIZE,PROD_COLOR,PROD_DELIVERY,PROD_UNIT,PROD_QTYIN,PROD_QTYSALE,PROD_MILEAGE) values ('P202000016','남성 여름 자켓 1','P202','P20202',99000,160000,130000,'편리한 활동파의 여름을 위한','P202000016.gif',0,to_date('05/02/06','YY/MM/DD'),12,'M','청색','세탁 주의','EA',0,0,null);
Insert into PC05.PROD (PROD_ID,PROD_NAME,PROD_LGU,PROD_BUYER,PROD_COST,PROD_PRICE,PROD_SALE,PROD_OUTLINE,PROD_IMG,PROD_TOTALSTOCK,PROD_INSDATE,PROD_PROPERSTOCK,PROD_SIZE,PROD_COLOR,PROD_DELIVERY,PROD_UNIT,PROD_QTYIN,PROD_QTYSALE,PROD_MILEAGE) values ('P202000017','남성 여름 자켓 2','P202','P20202',109000,170000,150000,'편리한 활동파의 여름을 위한','P202000017.gif',0,to_date('05/02/06','YY/MM/DD'),21,'L','흰색','세탁 주의','EA',0,0,null);
Insert into PC05.PROD (PROD_ID,PROD_NAME,PROD_LGU,PROD_BUYER,PROD_COST,PROD_PRICE,PROD_SALE,PROD_OUTLINE,PROD_IMG,PROD_TOTALSTOCK,PROD_INSDATE,PROD_PROPERSTOCK,PROD_SIZE,PROD_COLOR,PROD_DELIVERY,PROD_UNIT,PROD_QTYIN,PROD_QTYSALE,PROD_MILEAGE) values ('P202000018','남성 여름 자켓 3','P202','P20202',159000,190000,170000,'편리한 활동파의 여름을 위한','P202000018.gif',0,to_date('05/02/06','YY/MM/DD'),11,'XL','감색','세탁 주의','EA',0,0,null);
Insert into PC05.PROD (PROD_ID,PROD_NAME,PROD_LGU,PROD_BUYER,PROD_COST,PROD_PRICE,PROD_SALE,PROD_OUTLINE,PROD_IMG,PROD_TOTALSTOCK,PROD_INSDATE,PROD_PROPERSTOCK,PROD_SIZE,PROD_COLOR,PROD_DELIVERY,PROD_UNIT,PROD_QTYIN,PROD_QTYSALE,PROD_MILEAGE) values ('P202000019','남성 겨울 자켓 1','P202','P20202',210000,370000,280000,'편리한 활동파의 따뜻한 겨울을 위한','P202000019.gif',0,to_date('05/02/20','YY/MM/DD'),22,'M','청색','세탁 주의','EA',0,0,null);
Insert into PC05.PROD (PROD_ID,PROD_NAME,PROD_LGU,PROD_BUYER,PROD_COST,PROD_PRICE,PROD_SALE,PROD_OUTLINE,PROD_IMG,PROD_TOTALSTOCK,PROD_INSDATE,PROD_PROPERSTOCK,PROD_SIZE,PROD_COLOR,PROD_DELIVERY,PROD_UNIT,PROD_QTYIN,PROD_QTYSALE,PROD_MILEAGE) values ('P202000020','남성 겨울 자켓 2','P202','P20202',220000,370000,290000,'편리한 활동파의 따뜻한 겨울을 위한','P202000020.gif',0,to_date('05/02/20','YY/MM/DD'),29,'L','흰색','세탁 주의','EA',0,0,null);
Insert into PC05.PROD (PROD_ID,PROD_NAME,PROD_LGU,PROD_BUYER,PROD_COST,PROD_PRICE,PROD_SALE,PROD_OUTLINE,PROD_IMG,PROD_TOTALSTOCK,PROD_INSDATE,PROD_PROPERSTOCK,PROD_SIZE,PROD_COLOR,PROD_DELIVERY,PROD_UNIT,PROD_QTYIN,PROD_QTYSALE,PROD_MILEAGE) values ('P202000021','남성 겨울 자켓 3','P202','P20202',230000,370000,300000,'편리한 활동파의 따뜻한 겨울을 위한','P202000021.gif',0,to_date('05/02/20','YY/MM/DD'),19,'XL','감색','세탁 주의','EA',0,0,null);
Insert into PC05.PROD (PROD_ID,PROD_NAME,PROD_LGU,PROD_BUYER,PROD_COST,PROD_PRICE,PROD_SALE,PROD_OUTLINE,PROD_IMG,PROD_TOTALSTOCK,PROD_INSDATE,PROD_PROPERSTOCK,PROD_SIZE,PROD_COLOR,PROD_DELIVERY,PROD_UNIT,PROD_QTYIN,PROD_QTYSALE,PROD_MILEAGE) values ('P301000001','악어 가죽 혁대','P301','P30101',21000,41000,33000,'멋진 혁대를 선물로.....','P301000001.gif',0,to_date('05/01/15','YY/MM/DD'),32,null,null,null,'EA',0,0,null);
Insert into PC05.PROD (PROD_ID,PROD_NAME,PROD_LGU,PROD_BUYER,PROD_COST,PROD_PRICE,PROD_SALE,PROD_OUTLINE,PROD_IMG,PROD_TOTALSTOCK,PROD_INSDATE,PROD_PROPERSTOCK,PROD_SIZE,PROD_COLOR,PROD_DELIVERY,PROD_UNIT,PROD_QTYIN,PROD_QTYSALE,PROD_MILEAGE) values ('P301000002','물소 가죽 장지갑','P301','P30101',17000,37000,29000,'멋진 지갑을 선물로.....','P301000002.gif',0,to_date('05/01/15','YY/MM/DD'),52,null,null,null,'EA',0,0,null);
Insert into PC05.PROD (PROD_ID,PROD_NAME,PROD_LGU,PROD_BUYER,PROD_COST,PROD_PRICE,PROD_SALE,PROD_OUTLINE,PROD_IMG,PROD_TOTALSTOCK,PROD_INSDATE,PROD_PROPERSTOCK,PROD_SIZE,PROD_COLOR,PROD_DELIVERY,PROD_UNIT,PROD_QTYIN,PROD_QTYSALE,PROD_MILEAGE) values ('P301000003','여성용 손지갑','P301','P30101',22000,33000,26000,'멋진 지갑을 선물로.....','P301000003.gif',0,to_date('05/02/15','YY/MM/DD'),22,null,null,null,'EA',0,0,null);
Insert into PC05.PROD (PROD_ID,PROD_NAME,PROD_LGU,PROD_BUYER,PROD_COST,PROD_PRICE,PROD_SALE,PROD_OUTLINE,PROD_IMG,PROD_TOTALSTOCK,PROD_INSDATE,PROD_PROPERSTOCK,PROD_SIZE,PROD_COLOR,PROD_DELIVERY,PROD_UNIT,PROD_QTYIN,PROD_QTYSALE,PROD_MILEAGE) values ('P301000004','여성용 캐쥬얼 벨트','P301','P30101',27000,37000,29000,'멋진 벨트를 선물로.....','P301000004.gif',0,to_date('05/02/15','YY/MM/DD'),21,null,null,null,'EA',0,0,null);
Insert into PC05.PROD (PROD_ID,PROD_NAME,PROD_LGU,PROD_BUYER,PROD_COST,PROD_PRICE,PROD_SALE,PROD_OUTLINE,PROD_IMG,PROD_TOTALSTOCK,PROD_INSDATE,PROD_PROPERSTOCK,PROD_SIZE,PROD_COLOR,PROD_DELIVERY,PROD_UNIT,PROD_QTYIN,PROD_QTYSALE,PROD_MILEAGE) values ('P302000001','향수 NO 5','P302','P30201',89000,110000,93000,'향기를 동반한.....','P302000001.gif',0,to_date('05/01/24','YY/MM/DD'),11,null,null,null,'EA',0,0,null);
Insert into PC05.PROD (PROD_ID,PROD_NAME,PROD_LGU,PROD_BUYER,PROD_COST,PROD_PRICE,PROD_SALE,PROD_OUTLINE,PROD_IMG,PROD_TOTALSTOCK,PROD_INSDATE,PROD_PROPERSTOCK,PROD_SIZE,PROD_COLOR,PROD_DELIVERY,PROD_UNIT,PROD_QTYIN,PROD_QTYSALE,PROD_MILEAGE) values ('P302000002','샤넬 NO 7','P302','P30201',99000,120000,103000,'향기를 동반한.....','P302000002.gif',0,to_date('05/01/24','YY/MM/DD'),17,null,null,null,'EA',0,0,null);
Insert into PC05.PROD (PROD_ID,PROD_NAME,PROD_LGU,PROD_BUYER,PROD_COST,PROD_PRICE,PROD_SALE,PROD_OUTLINE,PROD_IMG,PROD_TOTALSTOCK,PROD_INSDATE,PROD_PROPERSTOCK,PROD_SIZE,PROD_COLOR,PROD_DELIVERY,PROD_UNIT,PROD_QTYIN,PROD_QTYSALE,PROD_MILEAGE) values ('P302000003','남성용 스킨','P302','P30201',19000,32000,21000,'세안후 바르는.....','P302000003.gif',0,to_date('05/01/24','YY/MM/DD'),21,null,null,null,'EA',0,0,null);
Insert into PC05.PROD (PROD_ID,PROD_NAME,PROD_LGU,PROD_BUYER,PROD_COST,PROD_PRICE,PROD_SALE,PROD_OUTLINE,PROD_IMG,PROD_TOTALSTOCK,PROD_INSDATE,PROD_PROPERSTOCK,PROD_SIZE,PROD_COLOR,PROD_DELIVERY,PROD_UNIT,PROD_QTYIN,PROD_QTYSALE,PROD_MILEAGE) values ('P302000004','남성용 로숀','P302','P30201',21000,33000,23000,'세안후 바르는.....','P302000004.gif',0,to_date('05/02/12','YY/MM/DD'),19,null,null,null,'EA',0,0,null);
Insert into PC05.PROD (PROD_ID,PROD_NAME,PROD_LGU,PROD_BUYER,PROD_COST,PROD_PRICE,PROD_SALE,PROD_OUTLINE,PROD_IMG,PROD_TOTALSTOCK,PROD_INSDATE,PROD_PROPERSTOCK,PROD_SIZE,PROD_COLOR,PROD_DELIVERY,PROD_UNIT,PROD_QTYIN,PROD_QTYSALE,PROD_MILEAGE) values ('P302000005','여성용 스킨','P302','P30201',18000,31000,20000,'세안후 바르는.....','P302000005.gif',0,to_date('05/02/12','YY/MM/DD'),21,null,null,null,'EA',0,0,null);
Insert into PC05.PROD (PROD_ID,PROD_NAME,PROD_LGU,PROD_BUYER,PROD_COST,PROD_PRICE,PROD_SALE,PROD_OUTLINE,PROD_IMG,PROD_TOTALSTOCK,PROD_INSDATE,PROD_PROPERSTOCK,PROD_SIZE,PROD_COLOR,PROD_DELIVERY,PROD_UNIT,PROD_QTYIN,PROD_QTYSALE,PROD_MILEAGE) values ('P302000006','여성용 로숀','P302','P30201',20000,32000,22000,'세안후 바르는.....','P302000006.gif',0,to_date('05/02/12','YY/MM/DD'),19,null,null,null,'EA',0,0,null);
Insert into PC05.PROD (PROD_ID,PROD_NAME,PROD_LGU,PROD_BUYER,PROD_COST,PROD_PRICE,PROD_SALE,PROD_OUTLINE,PROD_IMG,PROD_TOTALSTOCK,PROD_INSDATE,PROD_PROPERSTOCK,PROD_SIZE,PROD_COLOR,PROD_DELIVERY,PROD_UNIT,PROD_QTYIN,PROD_QTYSALE,PROD_MILEAGE) values ('P302000011','남성 향수','P302','P30202',59000,70000,63000,'좋은 향기를 동반한.....','P302000011.gif',0,to_date('05/01/13','YY/MM/DD'),21,null,null,null,'EA',0,0,null);
Insert into PC05.PROD (PROD_ID,PROD_NAME,PROD_LGU,PROD_BUYER,PROD_COST,PROD_PRICE,PROD_SALE,PROD_OUTLINE,PROD_IMG,PROD_TOTALSTOCK,PROD_INSDATE,PROD_PROPERSTOCK,PROD_SIZE,PROD_COLOR,PROD_DELIVERY,PROD_UNIT,PROD_QTYIN,PROD_QTYSALE,PROD_MILEAGE) values ('P302000012','여성 향수','P302','P30202',89000,110000,93000,'좋은향기를 동반한.....','P302000012.gif',0,to_date('05/01/13','YY/MM/DD'),27,null,null,null,'EA',0,0,null);
Insert into PC05.PROD (PROD_ID,PROD_NAME,PROD_LGU,PROD_BUYER,PROD_COST,PROD_PRICE,PROD_SALE,PROD_OUTLINE,PROD_IMG,PROD_TOTALSTOCK,PROD_INSDATE,PROD_PROPERSTOCK,PROD_SIZE,PROD_COLOR,PROD_DELIVERY,PROD_UNIT,PROD_QTYIN,PROD_QTYSALE,PROD_MILEAGE) values ('P302000013','립스틱','P302','P30202',17000,27000,23000,'세안후 바르는 좋은.....','P302000013.gif',0,to_date('05/01/13','YY/MM/DD'),11,null,null,null,'EA',0,0,null);
Insert into PC05.PROD (PROD_ID,PROD_NAME,PROD_LGU,PROD_BUYER,PROD_COST,PROD_PRICE,PROD_SALE,PROD_OUTLINE,PROD_IMG,PROD_TOTALSTOCK,PROD_INSDATE,PROD_PROPERSTOCK,PROD_SIZE,PROD_COLOR,PROD_DELIVERY,PROD_UNIT,PROD_QTYIN,PROD_QTYSALE,PROD_MILEAGE) values ('P302000014','면도크림','P302','P30202',25000,32000,26000,'세안후 바르는 좋은.....','P302000014.gif',0,to_date('05/01/14','YY/MM/DD'),29,null,null,null,'EA',0,0,null);
Insert into PC05.PROD (PROD_ID,PROD_NAME,PROD_LGU,PROD_BUYER,PROD_COST,PROD_PRICE,PROD_SALE,PROD_OUTLINE,PROD_IMG,PROD_TOTALSTOCK,PROD_INSDATE,PROD_PROPERSTOCK,PROD_SIZE,PROD_COLOR,PROD_DELIVERY,PROD_UNIT,PROD_QTYIN,PROD_QTYSALE,PROD_MILEAGE) values ('P302000015','화운데이션','P302','P30202',22000,32000,23000,'세안후 바르는 좋은.....','P302000015.gif',0,to_date('05/01/14','YY/MM/DD'),15,null,null,null,'EA',0,0,null);
Insert into PC05.PROD (PROD_ID,PROD_NAME,PROD_LGU,PROD_BUYER,PROD_COST,PROD_PRICE,PROD_SALE,PROD_OUTLINE,PROD_IMG,PROD_TOTALSTOCK,PROD_INSDATE,PROD_PROPERSTOCK,PROD_SIZE,PROD_COLOR,PROD_DELIVERY,PROD_UNIT,PROD_QTYIN,PROD_QTYSALE,PROD_MILEAGE) values ('P302000016','머드팩','P302','P30202',120000,220000,172000,'세안후 바르는 좋은.....','P302000016.gif',0,to_date('05/01/14','YY/MM/DD'),32,null,null,null,'EA',0,0,null);
Insert into PC05.PROD (PROD_ID,PROD_NAME,PROD_LGU,PROD_BUYER,PROD_COST,PROD_PRICE,PROD_SALE,PROD_OUTLINE,PROD_IMG,PROD_TOTALSTOCK,PROD_INSDATE,PROD_PROPERSTOCK,PROD_SIZE,PROD_COLOR,PROD_DELIVERY,PROD_UNIT,PROD_QTYIN,PROD_QTYSALE,PROD_MILEAGE) values ('P302000021','참존 기초화장품','P302','P30203',23500,37500,26000,'피부를 산뜻하게.....','P302000021.gif',0,to_date('05/01/28','YY/MM/DD'),25,null,null,null,'EA',0,0,null);
Insert into PC05.PROD (PROD_ID,PROD_NAME,PROD_LGU,PROD_BUYER,PROD_COST,PROD_PRICE,PROD_SALE,PROD_OUTLINE,PROD_IMG,PROD_TOTALSTOCK,PROD_INSDATE,PROD_PROPERSTOCK,PROD_SIZE,PROD_COLOR,PROD_DELIVERY,PROD_UNIT,PROD_QTYIN,PROD_QTYSALE,PROD_MILEAGE) values ('P302000022','참존 여성 향수','P302','P30203',78500,98500,83000,'좋은향기와 피부를 산뜻하게.....','P302000022.gif',0,to_date('05/01/28','YY/MM/DD'),53,null,null,null,'EA',0,0,null);
Insert into PC05.PROD (PROD_ID,PROD_NAME,PROD_LGU,PROD_BUYER,PROD_COST,PROD_PRICE,PROD_SALE,PROD_OUTLINE,PROD_IMG,PROD_TOTALSTOCK,PROD_INSDATE,PROD_PROPERSTOCK,PROD_SIZE,PROD_COLOR,PROD_DELIVERY,PROD_UNIT,PROD_QTYIN,PROD_QTYSALE,PROD_MILEAGE) values ('P302000023','참존 립스틱','P302','P30203',21500,26500,22500,'좋은 피부를 산뜻하게.....','P302000023.gif',0,to_date('05/01/28','YY/MM/DD'),17,null,null,null,'EA',0,0,null);
REM INSERTING into PC05.SALGRADE
SET DEFINE OFF;
Insert into PC05.SALGRADE (GRADE,LOSAL,HISAL) values (1,700,1200);
Insert into PC05.SALGRADE (GRADE,LOSAL,HISAL) values (2,1201,1400);
Insert into PC05.SALGRADE (GRADE,LOSAL,HISAL) values (3,1401,2000);
Insert into PC05.SALGRADE (GRADE,LOSAL,HISAL) values (4,2001,3000);
Insert into PC05.SALGRADE (GRADE,LOSAL,HISAL) values (5,3001,9999);
REM INSERTING into PC05.USERS
SET DEFINE OFF;
Insert into PC05.USERS (USERID,USERNM,PASS,REG_DT,ALIAS,ADDR1,ADDR2,ZIPCODE,FILENAME,REALFILENAME) values ('brown','브라운','c6347b73d5b1f7c77f8be828ee3e871c819578f23779c7d5e082ae2b36a44',to_date('19/01/28','YY/MM/DD'),null,null,null,null,'brown.png','D:\picture\aa231396-5521-4386-b320-09aedf60cde0');
Insert into PC05.USERS (USERID,USERNM,PASS,REG_DT,ALIAS,ADDR1,ADDR2,ZIPCODE,FILENAME,REALFILENAME) values ('cony','코니','55525cd5e74f52ef9e686b812f616b5891bda924f26450113b3f6ebd6adb5c',to_date('19/01/28','YY/MM/DD'),null,null,null,null,'cony.png','D:\picture\535d2599-4fb5-4fce-a514-11320de99aec');
Insert into PC05.USERS (USERID,USERNM,PASS,REG_DT,ALIAS,ADDR1,ADDR2,ZIPCODE,FILENAME,REALFILENAME) values ('sally','샐리','c96de0c53a6194aceefbf83121e5b7dfb9d675dee1821d6da438dc3ae3e1ef55',to_date('19/01/28','YY/MM/DD'),null,null,null,null,'sally.png','D:\picture\11fb49e3-f953-496d-8109-f2b7853b994d');
Insert into PC05.USERS (USERID,USERNM,PASS,REG_DT,ALIAS,ADDR1,ADDR2,ZIPCODE,FILENAME,REALFILENAME) values ('james','제임스','b097f022d7879a164ea13dd63719e7a2af70c372d9139fc1d6443c6884e2f851',to_date('19/01/28','YY/MM/DD'),null,null,null,null,'james.png','D:\picture\d52bad73-596b-4055-a7ed-3392adaa8f95');
Insert into PC05.USERS (USERID,USERNM,PASS,REG_DT,ALIAS,ADDR1,ADDR2,ZIPCODE,FILENAME,REALFILENAME) values ('moon','문','7deff5c6fea2a1683b983bc5969afa759d13c5dc0d6dbd02c6f5bd091e06c',null,null,null,null,null,'moon.png','D:\picture\957cadae-ead3-4763-90d6-53c53951d8fe');
--------------------------------------------------------
--  DDL for Index PK_BUYER
--------------------------------------------------------

  CREATE UNIQUE INDEX "PC05"."PK_BUYER" ON "PC05"."BUYER" ("BUYER_ID") 
  PCTFREE 10 INITRANS 2 MAXTRANS 255 COMPUTE STATISTICS 
  STORAGE(INITIAL 65536 NEXT 1048576 MINEXTENTS 1 MAXEXTENTS 2147483645
  PCTINCREASE 0 FREELISTS 1 FREELIST GROUPS 1 BUFFER_POOL DEFAULT FLASH_CACHE DEFAULT CELL_FLASH_CACHE DEFAULT)
  TABLESPACE "TS_DBSQL" ;
--------------------------------------------------------
--  DDL for Index PK_BUYPROD
--------------------------------------------------------

  CREATE UNIQUE INDEX "PC05"."PK_BUYPROD" ON "PC05"."BUYPROD" ("BUY_DATE", "BUY_PROD") 
  PCTFREE 10 INITRANS 2 MAXTRANS 255 
  STORAGE(INITIAL 65536 NEXT 1048576 MINEXTENTS 1 MAXEXTENTS 2147483645
  PCTINCREASE 0 FREELISTS 1 FREELIST GROUPS 1 BUFFER_POOL DEFAULT FLASH_CACHE DEFAULT CELL_FLASH_CACHE DEFAULT)
  TABLESPACE "TS_DBSQL" ;
--------------------------------------------------------
--  DDL for Index PK_CART
--------------------------------------------------------

  CREATE UNIQUE INDEX "PC05"."PK_CART" ON "PC05"."CART" ("CART_NO", "CART_PROD") 
  PCTFREE 10 INITRANS 2 MAXTRANS 255 
  STORAGE(INITIAL 65536 NEXT 1048576 MINEXTENTS 1 MAXEXTENTS 2147483645
  PCTINCREASE 0 FREELISTS 1 FREELIST GROUPS 1 BUFFER_POOL DEFAULT FLASH_CACHE DEFAULT CELL_FLASH_CACHE DEFAULT)
  TABLESPACE "TS_DBSQL" ;
--------------------------------------------------------
--  DDL for Index PK_LPROD
--------------------------------------------------------

  CREATE UNIQUE INDEX "PC05"."PK_LPROD" ON "PC05"."LPROD" ("LPROD_GU") 
  PCTFREE 10 INITRANS 2 MAXTRANS 255 
  STORAGE(INITIAL 65536 NEXT 1048576 MINEXTENTS 1 MAXEXTENTS 2147483645
  PCTINCREASE 0 FREELISTS 1 FREELIST GROUPS 1 BUFFER_POOL DEFAULT FLASH_CACHE DEFAULT CELL_FLASH_CACHE DEFAULT)
  TABLESPACE "TS_DBSQL" ;
--------------------------------------------------------
--  DDL for Index PK_MEM_ID
--------------------------------------------------------

  CREATE UNIQUE INDEX "PC05"."PK_MEM_ID" ON "PC05"."MEMBER" ("MEM_ID") 
  PCTFREE 10 INITRANS 2 MAXTRANS 255 
  STORAGE(INITIAL 65536 NEXT 1048576 MINEXTENTS 1 MAXEXTENTS 2147483645
  PCTINCREASE 0 FREELISTS 1 FREELIST GROUPS 1 BUFFER_POOL DEFAULT FLASH_CACHE DEFAULT CELL_FLASH_CACHE DEFAULT)
  TABLESPACE "TS_DBSQL" ;
--------------------------------------------------------
--  DDL for Index PK_PROD_ID
--------------------------------------------------------

  CREATE UNIQUE INDEX "PC05"."PK_PROD_ID" ON "PC05"."PROD" ("PROD_ID") 
  PCTFREE 10 INITRANS 2 MAXTRANS 255 
  STORAGE(INITIAL 65536 NEXT 1048576 MINEXTENTS 1 MAXEXTENTS 2147483645
  PCTINCREASE 0 FREELISTS 1 FREELIST GROUPS 1 BUFFER_POOL DEFAULT FLASH_CACHE DEFAULT CELL_FLASH_CACHE DEFAULT)
  TABLESPACE "TS_DBSQL" ;
--------------------------------------------------------
--  DDL for Index PK_USER
--------------------------------------------------------

  CREATE UNIQUE INDEX "PC05"."PK_USER" ON "PC05"."USERS" ("USERID") 
  PCTFREE 10 INITRANS 2 MAXTRANS 255 
  STORAGE(INITIAL 65536 NEXT 1048576 MINEXTENTS 1 MAXEXTENTS 2147483645
  PCTINCREASE 0 FREELISTS 1 FREELIST GROUPS 1 BUFFER_POOL DEFAULT FLASH_CACHE DEFAULT CELL_FLASH_CACHE DEFAULT)
  TABLESPACE "TS_DBSQL" ;
--------------------------------------------------------
--  Constraints for Table BUYER
--------------------------------------------------------

  ALTER TABLE "PC05"."BUYER" ADD CONSTRAINT "PK_BUYER" PRIMARY KEY ("BUYER_ID")
  USING INDEX PCTFREE 10 INITRANS 2 MAXTRANS 255 COMPUTE STATISTICS 
  STORAGE(INITIAL 65536 NEXT 1048576 MINEXTENTS 1 MAXEXTENTS 2147483645
  PCTINCREASE 0 FREELISTS 1 FREELIST GROUPS 1 BUFFER_POOL DEFAULT FLASH_CACHE DEFAULT CELL_FLASH_CACHE DEFAULT)
  TABLESPACE "TS_DBSQL"  ENABLE;
  ALTER TABLE "PC05"."BUYER" MODIFY ("BUYER_MAIL" NOT NULL ENABLE);
  ALTER TABLE "PC05"."BUYER" MODIFY ("BUYER_FAX" NOT NULL ENABLE);
  ALTER TABLE "PC05"."BUYER" MODIFY ("BUYER_COMTEL" NOT NULL ENABLE);
  ALTER TABLE "PC05"."BUYER" MODIFY ("BUYER_LGU" NOT NULL ENABLE);
  ALTER TABLE "PC05"."BUYER" MODIFY ("BUYER_NAME" NOT NULL ENABLE);
  ALTER TABLE "PC05"."BUYER" MODIFY ("BUYER_ID" NOT NULL ENABLE);
--------------------------------------------------------
--  Constraints for Table BUYPROD
--------------------------------------------------------

  ALTER TABLE "PC05"."BUYPROD" ADD CONSTRAINT "PK_BUYPROD" PRIMARY KEY ("BUY_DATE", "BUY_PROD")
  USING INDEX PCTFREE 10 INITRANS 2 MAXTRANS 255 
  STORAGE(INITIAL 65536 NEXT 1048576 MINEXTENTS 1 MAXEXTENTS 2147483645
  PCTINCREASE 0 FREELISTS 1 FREELIST GROUPS 1 BUFFER_POOL DEFAULT FLASH_CACHE DEFAULT CELL_FLASH_CACHE DEFAULT)
  TABLESPACE "TS_DBSQL"  ENABLE;
  ALTER TABLE "PC05"."BUYPROD" MODIFY ("BUY_COST" NOT NULL ENABLE);
  ALTER TABLE "PC05"."BUYPROD" MODIFY ("BUY_QTY" NOT NULL ENABLE);
  ALTER TABLE "PC05"."BUYPROD" MODIFY ("BUY_PROD" NOT NULL ENABLE);
  ALTER TABLE "PC05"."BUYPROD" MODIFY ("BUY_DATE" NOT NULL ENABLE);
--------------------------------------------------------
--  Constraints for Table CART
--------------------------------------------------------

  ALTER TABLE "PC05"."CART" ADD CONSTRAINT "PK_CART" PRIMARY KEY ("CART_NO", "CART_PROD")
  USING INDEX PCTFREE 10 INITRANS 2 MAXTRANS 255 
  STORAGE(INITIAL 65536 NEXT 1048576 MINEXTENTS 1 MAXEXTENTS 2147483645
  PCTINCREASE 0 FREELISTS 1 FREELIST GROUPS 1 BUFFER_POOL DEFAULT FLASH_CACHE DEFAULT CELL_FLASH_CACHE DEFAULT)
  TABLESPACE "TS_DBSQL"  ENABLE;
  ALTER TABLE "PC05"."CART" MODIFY ("CART_QTY" NOT NULL ENABLE);
  ALTER TABLE "PC05"."CART" MODIFY ("CART_PROD" NOT NULL ENABLE);
  ALTER TABLE "PC05"."CART" MODIFY ("CART_NO" NOT NULL ENABLE);
  ALTER TABLE "PC05"."CART" MODIFY ("CART_MEMBER" NOT NULL ENABLE);
--------------------------------------------------------
--  Constraints for Table EMP
--------------------------------------------------------

  ALTER TABLE "PC05"."EMP" MODIFY ("EMPNO" NOT NULL ENABLE);
--------------------------------------------------------
--  Constraints for Table LPROD
--------------------------------------------------------

  ALTER TABLE "PC05"."LPROD" ADD CONSTRAINT "PK_LPROD" PRIMARY KEY ("LPROD_GU")
  USING INDEX PCTFREE 10 INITRANS 2 MAXTRANS 255 
  STORAGE(INITIAL 65536 NEXT 1048576 MINEXTENTS 1 MAXEXTENTS 2147483645
  PCTINCREASE 0 FREELISTS 1 FREELIST GROUPS 1 BUFFER_POOL DEFAULT FLASH_CACHE DEFAULT CELL_FLASH_CACHE DEFAULT)
  TABLESPACE "TS_DBSQL"  ENABLE;
  ALTER TABLE "PC05"."LPROD" MODIFY ("LPROD_NM" NOT NULL ENABLE);
  ALTER TABLE "PC05"."LPROD" MODIFY ("LPROD_GU" NOT NULL ENABLE);
  ALTER TABLE "PC05"."LPROD" MODIFY ("LPROD_ID" NOT NULL ENABLE);
--------------------------------------------------------
--  Constraints for Table MEMBER
--------------------------------------------------------

  ALTER TABLE "PC05"."MEMBER" ADD CONSTRAINT "PK_MEM_ID" PRIMARY KEY ("MEM_ID")
  USING INDEX PCTFREE 10 INITRANS 2 MAXTRANS 255 
  STORAGE(INITIAL 65536 NEXT 1048576 MINEXTENTS 1 MAXEXTENTS 2147483645
  PCTINCREASE 0 FREELISTS 1 FREELIST GROUPS 1 BUFFER_POOL DEFAULT FLASH_CACHE DEFAULT CELL_FLASH_CACHE DEFAULT)
  TABLESPACE "TS_DBSQL"  ENABLE;
  ALTER TABLE "PC05"."MEMBER" MODIFY ("MEM_MAIL" NOT NULL ENABLE);
  ALTER TABLE "PC05"."MEMBER" MODIFY ("MEM_COMTEL" NOT NULL ENABLE);
  ALTER TABLE "PC05"."MEMBER" MODIFY ("MEM_HOMETEL" NOT NULL ENABLE);
  ALTER TABLE "PC05"."MEMBER" MODIFY ("MEM_ADD2" NOT NULL ENABLE);
  ALTER TABLE "PC05"."MEMBER" MODIFY ("MEM_ADD1" NOT NULL ENABLE);
  ALTER TABLE "PC05"."MEMBER" MODIFY ("MEM_ZIP" NOT NULL ENABLE);
  ALTER TABLE "PC05"."MEMBER" MODIFY ("MEM_REGNO2" NOT NULL ENABLE);
  ALTER TABLE "PC05"."MEMBER" MODIFY ("MEM_REGNO1" NOT NULL ENABLE);
  ALTER TABLE "PC05"."MEMBER" MODIFY ("MEM_NAME" NOT NULL ENABLE);
  ALTER TABLE "PC05"."MEMBER" MODIFY ("MEM_PASS" NOT NULL ENABLE);
  ALTER TABLE "PC05"."MEMBER" MODIFY ("MEM_ID" NOT NULL ENABLE);
--------------------------------------------------------
--  Constraints for Table PROD
--------------------------------------------------------

  ALTER TABLE "PC05"."PROD" ADD CONSTRAINT "PK_PROD_ID" PRIMARY KEY ("PROD_ID")
  USING INDEX PCTFREE 10 INITRANS 2 MAXTRANS 255 
  STORAGE(INITIAL 65536 NEXT 1048576 MINEXTENTS 1 MAXEXTENTS 2147483645
  PCTINCREASE 0 FREELISTS 1 FREELIST GROUPS 1 BUFFER_POOL DEFAULT FLASH_CACHE DEFAULT CELL_FLASH_CACHE DEFAULT)
  TABLESPACE "TS_DBSQL"  ENABLE;
  ALTER TABLE "PC05"."PROD" MODIFY ("PROD_PROPERSTOCK" NOT NULL ENABLE);
  ALTER TABLE "PC05"."PROD" MODIFY ("PROD_TOTALSTOCK" NOT NULL ENABLE);
  ALTER TABLE "PC05"."PROD" MODIFY ("PROD_IMG" NOT NULL ENABLE);
  ALTER TABLE "PC05"."PROD" MODIFY ("PROD_OUTLINE" NOT NULL ENABLE);
  ALTER TABLE "PC05"."PROD" MODIFY ("PROD_SALE" NOT NULL ENABLE);
  ALTER TABLE "PC05"."PROD" MODIFY ("PROD_PRICE" NOT NULL ENABLE);
  ALTER TABLE "PC05"."PROD" MODIFY ("PROD_COST" NOT NULL ENABLE);
  ALTER TABLE "PC05"."PROD" MODIFY ("PROD_BUYER" NOT NULL ENABLE);
  ALTER TABLE "PC05"."PROD" MODIFY ("PROD_LGU" NOT NULL ENABLE);
  ALTER TABLE "PC05"."PROD" MODIFY ("PROD_NAME" NOT NULL ENABLE);
  ALTER TABLE "PC05"."PROD" MODIFY ("PROD_ID" NOT NULL ENABLE);
--------------------------------------------------------
--  Constraints for Table USERS
--------------------------------------------------------

  ALTER TABLE "PC05"."USERS" ADD CONSTRAINT "PK_USER" PRIMARY KEY ("USERID")
  USING INDEX PCTFREE 10 INITRANS 2 MAXTRANS 255 
  STORAGE(INITIAL 65536 NEXT 1048576 MINEXTENTS 1 MAXEXTENTS 2147483645
  PCTINCREASE 0 FREELISTS 1 FREELIST GROUPS 1 BUFFER_POOL DEFAULT FLASH_CACHE DEFAULT CELL_FLASH_CACHE DEFAULT)
  TABLESPACE "TS_DBSQL"  ENABLE;
